115	Beh�rde
116	Harmonisierte Dienste von sozialem Wert
12	Neuartige Dienste
130	Freecall
137	Abstimmungs- und Gewinnspiel
1505	Quam
150	Group 3G
151	Telekom Deutschland GmbH 
152	Vodafone 
155	E-Plus 3G Luxemburg 
156	Mobilcom 
1570	Vistream 
1575	Callax 
157	E-Plus 
159	O2 Germany 
160	Telekom Deutschland GmbH 
161	analoges C-Netz 
162	Vodafone 
163	E-Plus 
164	Cityruf (e*message) 
165	Funkmeldeempf�nger Quix
166	Telmi (e*message) 
1672	Dolphin Telecom 
167	B�ndelfunk
168	Scall (e*message) 
169	Cityruf, Scall, Skyper (e*cityruf, e*message, e*skyper) 
170	Telekom Deutschland GmbH 
171	Telekom Deutschland GmbH 
172	Vodafone 
173	Vodafone 
174	Vodafone 
175	Telekom Deutschland GmbH 
176	O2 Germany 
177	E-Plus 
178	E-Plus 
179	O2 Germany 
1801	Geteilte-Kosten-Dienste
1802	Geteilte-Kosten-Dienste
1803	Geteilte-Kosten-Dienste
1804	Geteilte-Kosten-Dienste
1805	Geteilte-Kosten-Dienste
180	Geteilte-Kosten-Dienste
181	Internationale VPN
182	Geschlossene Nutzergruppen 
183	Geschlossene Nutzergruppen 
184	Geschlossene Nutzergruppen 
185	Geschlossene Nutzergruppen 
186	Geschlossene Nutzergruppen 
187	Geschlossene Nutzergruppen 
188	Geschlossene Nutzergruppen 
1888	IVBB
189	Geschlossene Nutzergruppen 
18	Shared-Cost-Dienste, Internationale Virtuelle Private Netze (IVPN), Geschlossene Nutzergruppen 
190	Premium Rate Dienste
191	Online-Dienste 
192	Online-Dienste 
1930100	Festnetz-SMS-Zentrum der Deutschen Telekom 
193	Online-Dienste 
194	Online-Dienste 
1987	Routingnummern f�r Gasse (0)116xxx 
1988	Zielnetzbetreiberkennungen f�r Routing internationale geb�hrenfreie Mehrwertdienste (Freecall) 
1989	Routingnummern f�r Auskunftsdienste 
199	Netzinterne Verkehrslenkung 
241	Aachen
2408	Aachen-Kornelimuenster
7361	Aalen
7367	Aalen-Ebnat
6120	Aarbergen
34779	Abberode
9178	Abenberg Mittelfr.
9873	Abenberg-Wassermungenau
9443	Abensberg
7366	Abtsgmuend
8380	Achberg
7841	Achern
4202	Achim b.Bremen
4340	Achterwehr
7166	Adelberg
5506	Adelebsen
7963	Adelmannsfelden
9195	Adelsdorf
6291	Adelsheim
9865	Adelshofen
2691	Adenau
8707	Adlkofen
37423	Adorf (Vogtl.)
5154	Aerzen
8207	Affing
4247	Affinghausen
6262	Aglasterhausen
2561	Ahaus
2567	Ahaus-Alstaette
4269	Ahausen-Kirchwalsede
39775	Ahlbeck
2382	Ahlen Westf.
4166	Ahlerstedt
5609	Ahnatal
6296	Ahorn Baden
4525	Ahrensboek
4556	Ahrensboek-Gnissau
4102	Ahrensburg
8251	Aichach
7565	Aichstetten Kr.Ravensburg
8543	Aidenbach
8237	Aindling
8343	Aitrang
34909	Aken
7753	Albbruck
4835	Albersdorf Holst.
6345	Albersweiler
6355	Albisheim Pfrimm
7431	Albstadt-Ebingen
7435	Albstadt-Laufen
7432	Albstadt-Tailfingen
2464	Aldenhoven b.Juelich
9085	Alerheim
5181	Alfeld Leine
9157	Alfeld Mittelfr.
5464	Alfhausen
5126	Algermissen
7533	Allensbach
9176	Allersberg
8166	Allershausen Oberbay.
34652	Allstedt
2802	Alpen
7444	Alpirsbach
2404	Alsdorf Rheinl.
6362	Alsenz
6631	Alsfeld
34692	Alsleben
4338	Alt Duvenstedt
33602	Alt Zeschdorf
35434	Altdoebern
9187	Altdorf b.Nuernberg
8704	Altdorf-Pfettrach
2352	Altena Westf.
2643	Altenahr
5328	Altenau Harz
5255	Altenbeken
35056	Altenberg
2505	Altenberge Westf.
39456	Altenbrak
3447	Altenburg
9675	Altendorf b.Nabburg
39225	Altengrabow
33363	Altenhof
38391	Altenkirchen
6386	Altenkirchen Pfalz
2681	Altenkirchen Westerw.
5807	Altenmedingen
8295	Altenmuenster Schwab.
6047	Altenstadt Hess.
8337	Altenstadt Iller
7453	Altensteig Wuertt.
9408	Altenthann
3961	Altentreptow
9307	Altertheim
8705	Altfraunhofen
8202	Althegnenberg
39973	Altkalen
33337	Altkuenkendorf
33438	Altlandsberg
9446	Altmannstein
8468	Altmannstein-Pondorf
8254	Altomuenster
8671	Altoetting
33457	Altreetz
7584	Altshausen
8373	Altusried
39773	Altwarp
6023	Alzenau Unterfr.
6731	Alzey
9621	Amberg Oberpf.
4132	Amelinghausen
8075	Amerang
7073	Ammerbuch
9373	Amorbach
8636	Ampfing
4682	Amrum
2632	Andernach
7265	Angelbachtal
6464	Angelburg-Goennern
8656	Anger
3331	Angermuende
39363	Angern
2639	Anhausen Kr.Neuwied
39921	Ankershagen
3971	Anklam
5462	Ankum
3733	Annaberg-Buchholz
35385	Annaburg
6346	Annweiler a.Trifels
2947	Anroechte
981	Ansbach
9802	Ansbach-Katterbach
2693	Antweiler
4489	Apen
39001	Apenburg
4167	Apensen
3644	Apolda
7805	Appenweier
39384	Arendsee  (Altm..)
33635	Arensdorf
36081	Arenshausen
7566	Argenbuehl
9945	Arnbruck
39321	Arneburg
2931	Arnsberg
2937	Arnsberg-Oeventrop
9977	Arnschwang
35200	Arnsdorf
36736	Arnsgereuth
3628	Arnstadt
9363	Arnstein Unterfr.
8723	Arnstorf
5691	Arolsen
5696	Arolsen-Landau
3466	Artern
34222	Arzberg
9233	Arzberg Oberfr.
2683	Asbach Westerw.
6021	Aschaffenburg
8052	Aschau i.Chiemgau
8057	Aschau-Sachrang
4526	Ascheberg Holst.
2593	Ascheberg Westf.
2599	Ascheberg-Herbern
4353	Ascheffel
3473	Aschersleben
4253	Asendorf Kr.Diepholz
2722	Attendorn
8168	Attenkirchen
7357	Attenweiler
8064	Au b.Bad Aibling
8752	Au i.d.Hallertau
9335	Aub Kr.Wuerzburg
3771	Aue (Sachs.)
3744	Auerbach (Vogtl.)
9643	Auerbach Oberpf.
5753	Auetal-Bernsen
5752	Auetal-Hattendorf
9454	Aufhausen Oberpf.
821	Augsburg
5237	Augustdorf
37291	Augustusburg
4873	Aukrug
7525	Aulendorf
36626	Auma
4104	Aumuehle b.Hamburg
9804	Aurach
4941	Aurich Ostfriesl
4947	Aurich-Ogenbargen
39404	Ausleben
8095	Aying
6073	Babenhausen Hess.
8333	Babenhausen Schwab.
6743	Bacharach
9077	Bachhagel
7191	Backnang
9405	Bad Abbach
8061	Bad Aibling
5922	Bad Bentheim
5924	Bad Bentheim-Gildehaus
6343	Bad Bergzabern
36458	Bad Berka
2751	Bad Berleburg
2759	Bad Berleburg-Aue
2758	Bad Berleburg-Girkhausen
2755	Bad Berleburg-Schwarzenau
9273	Bad Berneck
2674	Bad Bertrich
5821	Bad Bevensen
34465	Bad Bibra
8563	Bad Birnbach Rottal
36741	Bad Blankenburg
9708	Bad Bocklet
37438	Bad Brambach
4192	Bad Bramstedt
9741	Bad Brueckenau
7582	Bad Buchau
6434	Bad Camberg
38203	Bad Doberan
5253	Bad Driburg
5259	Bad Driburg-Neuenheerse
34243	Bad Dueben
6322	Bad Duerkheim
3462	Bad Duerrenberg
7726	Bad Duerrheim
37437	Bad Elster
2603	Bad Ems
2776	Bad Endbach-Hartenrod
8053	Bad Endorf
5472	Bad Essen
8066	Bad Feilnbach
34671	Bad Frankenhausen
3344	Bad Freienwalde
7136	Bad Friedrichshall
8537	Bad Fuessing-Aigen
5382	Bad Gandersheim
35023	Bad Gottleuba
5327	Bad Grund Harz
5322	Bad Harzburg
8046	Bad Heilbrunn
7083	Bad Herrenalb
6621	Bad Hersfeld
8506	Bad Hoehenstadt
6172	Bad Homburg Vd.Hoehe
2224	Bad Honnef
5403	Bad Iburg
5672	Bad Karlshafen
971	Bad Kissingen
38423	Bad Kleinen
8845	Bad Kohlgrub
6063	Bad Koenig
9761	Bad Koenigshofen
34463	Bad Koesen
36605	Bad Koestritz
671	Bad Kreuznach
2752	Bad Laasphe
2754	Bad Laasphe-Feudingen
3603	Bad Langensalza
34635	Bad Lauchstaedt
34345	Bad Lausick
5524	Bad Lauterberg i.Harz
36961	Bad Liebenstein
35341	Bad Liebenwerda
7052	Bad Liebenzell
5252	Bad Lippspringe
2661	Bad Marienberg Westerw.
7931	Bad Mergentheim
5042	Bad Muender a.Deister
6708	Bad Muenster-Ebernburg
2253	Bad Muenstereifel
35771	Bad Muskau
6032	Bad Nauheim
5723	Bad Nenndorf
2641	Bad Neuenahr-Ahrweiler
9771	Bad Neustadt
5731	Bad Oeynhausen
4531	Bad Oldesloe
6052	Bad Orb
7806	Bad Peterstal-Griesbach
5281	Bad Pyrmont
5285	Bad Pyrmont-Kleinenberg
7264	Bad Rappenau
7066	Bad Rappenau-Bonfeld
7268	Bad Rappenau-Obergimpern
5037	Bad Rehburg
8651	Bad Reichenhall
7440	Bad Rippoldsau
5424	Bad Rothenfelde
33631	Bad Saarow-Pieskow
5523	Bad Sachsa
7761	Bad Saeckingen
5063	Bad Salzdetfurth
6648	Bad Salzschlirf
5222	Bad Salzuflen
3695	Bad Salzungen
2927	Bad Sassendorf
35022	Bad Schandau
34925	Bad Schmiedeberg
7253	Bad Schoenborn
7583	Bad Schussenried
6124	Bad Schwalbach
4551	Bad Segeberg
6196	Bad Soden a.Taunus
6056	Bad Soden-Salmuenster
5652	Bad Sooden-Allendorf
9288	Bad Steben
36461	Bad Sulza
38229	Bad Suelze
7053	Bad Teinach-Zavelstein
36041	Bad Tennstedt
8041	Bad Toelz
7125	Bad Urach
6101	Bad Vilbel
7524	Bad Waldsee
5621	Bad Wildungen
38791	Bad Wilsnack
7063	Bad Wimpfen
9841	Bad Windsheim
8247	Bad Woerishofen
7564	Bad Wurzach
7568	Bad Wurzach-Hauerz
4403	Bad Zwischenahn
5433	Badbergen
5345	Baddeckenstedt
39009	Badel
7221	Baden-Baden
7632	Badenweiler
39422	Badersleben
2401	Baesweiler
35697	Bagenz
5358	Bahrdorf-Mackendorf
33656	Bahro
7442	Baiersbronn
7449	Baiersbronn-Obertal
7447	Baiersbronn-Schwarzenberg
9133	Baiersdorf Mittelfr.
8340	Baisweil
4446	Bakum Kr.Vechta
5438	Bakum-Luesche
8328	Balderschwang
7433	Balingen
4753	Balje
39483	Ballenstedt
4939	Baltrum
2375	Balve
951	Bamberg
39298	Barby
4630	Barderup
4137	Barendorf
35691	Baerenklau
37347	Baerenstein
4532	Bargteheide
39203	Barleben
4857	Barlt
4123	Barmstedt
9635	Baernau
5442	Barnstorf Kr.Diepholz
5263	Barntrup
5105	Barsinghausen
4499	Barssel
4497	Barssel-Harkebruegge
39050	Bartensleben
38231	Barth
5806	Barum b.Bad Bevensen
33704	Baruth  (Mark)
5448	Barver
4766	Basdahl
4241	Bassum
4248	Bassum-Neubruchhausen
4249	Bassum-Nordwohlde
4159	Basthorst
35249	Basslitz
6452	Battenberg Eder
38462	Baumgarten
6783	Baumholder
9544	Baunach
3591	Bautzen
5963	Bawinkel
8774	Bayerbach b.Ergoldsbach
9925	Bayerisch Eisenstein
921	Bayreuth
8023	Bayrischzell
39062	Bebertal
6622	Bebra
6736	Bechenheim
6757	Becherbach b.Kirn
9822	Bechhofen a.d.Heide
6835	Beckingen
6832	Beckingen-Reimsbach
2521	Beckum
2525	Beckum-Neubeckum
2272	Bedburg Erft
4745	Bederkesa
5145	Beedenbostel
2586	Beelen
33204	Beelitz  (Mark)
39856	Beenz
33637	Beerfelde
6068	Beerfelden
3366	Beeskow
5905	Beesten
39000	Beetzendorf
38356	Behrenhoff
8461	Beilngries
7062	Beilstein Wuertt.
7348	Beimerstetten
34224	Belgern
39365	Bellingen
5406	Belm
33841	Belzig
4237	Bendingbostel
2622	Bendorf Rhein
8857	Benediktbeuern
39457	Benneckenstein
38843	Bennin
2204	Bensberg
36843	Benshausen
6251	Bensheim
38379	Benz
9493	Beratzhausen
7747	Berau
8462	Berching
8460	Berching-Holnstein
8652	Berchtesgaden
9189	Berg b.Neumarkt Oberpf.
9293	Berg Oberfr.
36623	Berga  (Elster)
38785	Berge
5435	Berge b.Quakenbrueck
37463	Bergen
3838	Bergen
5845	Bergen Dumme
5051	Bergen Kr.Celle
5054	Bergen-Suelze
4885	Bergenhusen
2271	Bergheim Erft
33200	Bergholz-Rehbruecke
2202	Bergisch Gladbach
5734	Bergkirchen Westf.
33634	Berkenbrueck
4544	Berkenthin
30	Berlin
36452	Berlstedt
3338	Bernau
7675	Bernau Baden
8860	Bernbeuren
3471	Bernburg
4406	Berne
38464	Bernitt
6531	Bernkastel-Kues
9905	Bernried Niederbay.
35723	Bernsdorf (Ol.)
35874	Bernstadt
5439	Bersenbrueck
6484	Beselich
7143	Besigheim
6095	Bessenbach
33763	Bestensee
2904	Bestwig
2905	Bestwig-Ramsbeck
36943	Bettenhausen
2741	Betzdorf
4138	Betzendorf Kr.Lueneburg
9244	Betzenstein
6586	Beuren Hochwald
7466	Beuron
4747	Beverstedt
5273	Beverungen
6826	Bexbach
7351	Biberach a.d.Riss
8226	Bibertal
6245	Biblis
6569	Bickendorf
8348	Bidingen
6050	Biebergemuend
6409	Biebertal
6461	Biedenkopf
39292	Biederitz
521	Bielefeld
5206	Bielefeld-Joellenbeck
5205	Bielefeld-Sennestadt
5823	Bienenbuettel
3337	Biesenthal
7142	Bietigheim-Bissingen
39858	Bietikow
2543	Billerbeck Westf.
6265	Billigheim Baden
6349	Billigheim-Ingenheim
39036	Binde
9208	Bindlach
6721	Bingen a.Rhein
38393	Binz, Ostseebad
9398	Birkenfeld b.Wuerzburg
6782	Birkenfeld Nahe
35471	Birkenhainchen
3303	Birkenwerder
6594	Birresborn
6054	Birstein
6668	Birstein-Lichenroth
6444	Bischoffen
9276	Bischofsgruen
9772	Bischofsheim a.d.Rhoen
6144	Bischofsheim a.Main
9920	Bischofsmais
3594	Bischofswerda
7476	Bisingen
39089	Bismark  (Altm..)
5194	Bispingen
5402	Bissendorf Kr.Osnabrueck
9005	Bissingen Schwab.
9008	Bissingen-Unterringingen
6561	Bitburg
3493	Bitterfeld
3944	Blankenburg (Harz)
39829	Blankenfoerde
36459	Blankenhain (Thuer.)
34659	Blankenheim
2449	Blankenheim Ahr
2697	Blankenheim-Ahrhuette
6545	Blankenrath
39826	Blankensee
7344	Blaubeuren
7953	Blaufelden
7304	Blaustein Wuertt.
5852	Bleckede
5854	Bleckede-Barskamp
5857	Bleckede-Brackede
6555	Bleialf
36338	Bleicherode
4233	Blender
6842	Blieskastel
6844	Blieskastel-Altheim
5235	Blomberg Lippe
4977	Blomberg Ostfriesl
5236	Blomberg-Grossenmarpe
33743	Bloensdorf
38427	Blowatz
33394	Blumberg
7702	Blumberg Baden
39752	Blumenhagen
33984	Blumenthal
4557	Blunk
6239	Bobenheim-Roxheim
37434	Bobenneukirchen
8234	Bobingen
38424	Bobitz
7031	Boeblingen
2871	Bocholt
234	Bochum
2327	Bochum-Wattenscheid
5067	Bockenem
5060	Bodenburg
5572	Bodenfelde
6135	Bodenheim Rhein
8745	Bodenkirchen
9924	Bodenmais
5824	Bodenteich
5533	Bodenwerder
9434	Bodenwoehr
7773	Bodman-Ludwigshafen
7520	Bodnegg
9422	Bogen Niederbay.
8338	Boehen
8406	Boehmfeld
5471	Bohmte
5475	Bohmte-Hunteburg
39889	Boitzenburg
38847	Boizenburg
4394	Bokhorst
4623	Boeklund
7164	Boll Kr.Goeppingen
6526	Bollendorf
2383	Boenen
39039	Bonese
228	Bonn
7703	Bonndorf i.Schwarzw.
4393	Boostedt
33605	Boossen
7362	Bopfingen
6742	Boppard
4322	Bordesholm
5643	Borgentreich
5645	Borgentreich-Borgholz
5953	Boerger
5425	Borgholzhausen
5682	Borken Hess.
2861	Borken Westf.
39777	Borkenfriede
33845	Borkheide
4922	Borkum
38234	Born (Darss)
3433	Borna
2222	Bornheim Rheinl.
2227	Bornheim-Merten
4323	Bornhoeved
33230	Boernicke
34291	Borsdorf
4276	Borstel b.Sulingen
4527	Bosau
4494	Boesel b.Friesoythe
4268	Boetersen
2041	Bottrop
2045	Bottrop-Kirchhellen
6834	Bous
5593	Bovenden-Lenglern
5594	Bovenden-Reyershausen
35774	Boxberg
7930	Boxberg Baden
2745	Brachbach Sieg
7135	Brackenheim
4401	Brake Unterweser
5272	Brakel Westf.
5648	Brakel-Gehrden
5461	Bramsche Hase
5468	Bramsche-Engter
37322	Brand-Erbisdorf
3381	Brandenburg
34292	Brandis
8034	Brannenburg
36878	Brattendorf
2627	Braubach
6442	Braunfels
5520	Braunlage
5583	Braunlage-Hohegeiss
7707	Braeunlingen
7906	Braunsbach
34633	Braunsbedra
531	Braunschweig
5307	Braunschweig-Wenden
2338	Breckerfeld
33972	Breddin
4334	Bredenbek b.Rendsburg
3964	Bredenfelde
33087	Bredereiche
4671	Bredstedt
6465	Breidenbach b.Biedenkopf
7667	Breisach a.Rhein
8054	Breitbrunn a.Chiemsee
6675	Breitenbach a.Herzberg
8584	Breitenberg Niederbay.
37756	Breitenbrunn
9495	Breitenbrunn Oberpf.
8263	Breitenbrunn Schwab.
2777	Breitscheid Hess.
421	Bremen
471	Bremerhaven
4761	Bremervoerde
4767	Bremervoerde-Bevern
4769	Bremervoerde-Iselersheim
9484	Brennberg
6161	Brensbach
7252	Bretten
7946	Bretzfeld
6165	Breuberg
33837	Brielow
33232	Brieselang
35606	Briesen
33607	Briesen (Mark)
33609	Brieskow-Finkenheerd
35696	Briesnig
2961	Brilon
2964	Brilon-Alme
2963	Brilon-Messinghausen
4266	Brockel
38204	Broderstorf
2633	Brohl-Luetzing
4324	Brokstedt
5833	Brome
4252	Bruchhausen-Vilsen
6372	Bruchmuehlbach-Miesau
5226	Bruchmuehlen Westf.
7251	Bruchsal
7257	Bruchsal-Untergrombach
33844	Brueck
8765	Bruckberg Niederbay.
8062	Bruckmuehl Mangfall
38483	Brueel
2232	Bruehl Rheinl.
39030	Brunau
4852	Brunsbuettel
39742	Bruessow
7343	Buch b.Illertissen
8086	Buchbach Oberbay.
2678	Buechel b.Cochem
4155	Buechen
6281	Buchen Odenw.
8378	Buchenberg b.Kempten
6543	Buechenbeuren
4181	Buchholz i.d.Nordheide
4186	Buchholz-Trelde
8241	Buchloe
5722	Bueckeburg
33433	Buckow
39224	Bueden
6139	Budenheim
6558	Buedesheim Eifel
6042	Buedingen Hess.
6048	Buedingen-Eckartshausen
6509	Buedlich
7223	Buehl Baden
7226	Buehl-Sand
7974	Buehlerzell
4550	Buehnsdorf
4754	Buelkau
6542	Bullay
4953	Bunde
5223	Buende
6394	Bundenthal
2736	Burbach Siegerl.
2951	Bueren
2958	Bueren-Harth
2955	Bueren-Wewelsburg
3921	Burg
35603	Burg (Spreew.)
4371	Burg Auf Fehmarn
4825	Burg Dithm.
39603	Burg Stargard
8222	Burgau Schwab.
9843	Burgbernheim
2636	Burgbrohl
5347	Burgdorf b.Salzgitter
5136	Burgdorf Kr.Hannover
5085	Burgdorf-Ehlershausen
9546	Burgebrach
36692	Buergel
35727	Burghammer
9552	Burghaslach
6653	Burghaun
8677	Burghausen Salzach
8432	Burgheim
8679	Burgkirchen a.d.Alz
9572	Burgkunstadt
9471	Burglengenfeld
9805	Burgoberbach
9534	Burgpreppach
9356	Burgsinn
3724	Burgstaedt
9183	Burgthann
6457	Burgwald Eder
5139	Burgwedel
5135	Burgwedel-Fuhrberg
9551	Burgwindheim
9734	Burkardroth
35953	Burkau
35245	Burkhardswalde
7475	Burladingen
7126	Burladingen-Melchingen
3965	Burow
2174	Burscheid Rheinl.
8285	Burtenbach
33876	Buschow
6408	Buseck
4834	Buesum
4733	Butjadingen-Burhave
4735	Butjadingen-Stollhamm
4736	Butjadingen-Tossens
36451	Buttelstedt
9545	Buttenheim
8274	Buttenwiesen
9336	Buetthard
36373	Buttstaedt
6033	Butzbach
33836	Butzow
38461	Buetzow
4161	Buxtehude
4777	Cadenberge
9103	Cadolzburg
3541	Calau
39291	Calbe (Saale)
5677	Calden-Westuffeln
39051	Calvoerde
7051	Calw
3866	Cambs
36421	Camburg
4478	Cappeln Oldb.
33209	Caputh
38873	Carlow
6356	Carlsberg Pfalz
39821	Carpin
33331	Casekow
2305	Castrop-Rauxel
34363	Cavertitz
5141	Celle
5086	Celle-Scheuen
9971	Cham
371	Chemnitz
8664	Chieming
33366	Chorin
4339	Christiansholm
5323	Clausthal-Zellerfeld
37202	Claussnitz
5844	Clenze
4471	Cloppenburg
34923	Cobbelsdorf
9561	Coburg
2671	Cochem
2541	Coesfeld
2546	Coesfeld-Lette
6427	Coelbe-Schoenstadt
39207	Colbitz
34381	Colditz
9376	Collenberg
9803	Colmberg
4434	Colnrade
3966	Coelpin
5156	Coppenbruegge
5159	Coppenbruegge-Bisperode
5650	Cornberg
3523	Coswig
34903	Coswig (Anh.)
355	Cottbus
7951	Crailsheim
37342	Cranzahl
7933	Creglingen
5306	Cremlingen
9270	Creussen
36926	Creuzburg
3762	Crimmitschau
35324	Crinitz
3863	Crivitz
36693	Crossen (Elster)
37344	Crottendorf
38794	Cumlosen
35877	Cunewalde
4721	Cuxhaven
4722	Cuxhaven-Altenbruch
4723	Cuxhaven-Altenwalde
4724	Cuxhaven-Luedingworth
2743	Daaden
38485	Dabel
39991	Daberkow
2193	Dabringhausen
8131	Dachau
9163	Dachsbach
6776	Dachsenhausen
4667	Dagebuell
2447	Dahlem b.Kall
34361	Dahlen(Sachs.)
5851	Dahlenburg
35451	Dahme
4364	Dahme
6391	Dahn
39031	Daehre
38783	Dallmin
39922	Dambeck
5491	Damme Duemmer
4352	Damp
4349	Daenischenhagen
5861	Dannenberg Elbe
33975	Dannenwalde
39959	Dargun
6151	Darmstadt
8205	Dasing
5564	Dassel
5562	Dassel-Markoldendorf
38826	Dassow
2363	Datteln
6592	Daun
6466	Dautphetal-Friedensdorf
6468	Dautphetal-Mornshausen
991	Deggendorf
7555	Deggenhausertal
7334	Deggingen
6326	Deidesheim
9184	Deining Oberpf.
7420	Deisslingen
5250	Delbrueck Westf.
34202	Delitzsch
6336	Dellfeld
5187	Delligsen
4221	Delmenhorst
38488	Demen
3998	Demmin
8466	Denkendorf Oberbay.
9855	Dentlein a.Forst
7666	Denzlingen
39453	Derenburg
38793	Dergenthin
36964	Dermbach
340	Dessau
33974	Dessow
4957	Detern
5231	Detmold
9324	Dettelbach
38228	Dettmannsdorf-Koelzow
5333	Dettum
37368	Deutschneudorf
6071	Dieburg
2750	Diedenshausen
36024	Diedorf
38822	Diedrichshagen
5633	Diemelsee
5694	Diemelstadt
5775	Diepenau
5777	Diepenau-Essern
5441	Diepholz
2689	Dierdorf
38226	Dierhagen, Ostseebad
35267	Diesbar-Seusslitz
3902	Diesdorf (Altm.)
8807	Diessen a.Ammersee
7347	Dietenheim
9824	Dietenhofen
8565	Dietersburg-Baumgarten
8464	Dietfurt a.d.Altmuehl
8374	Dietmannsried
8027	Dietramszell
36846	Dietzhausen
2774	Dietzhoelztal
6432	Diez
2771	Dillenburg
9071	Dillingen a.d.Donau
36075	Dingelstaedt (Eichsfeld)
39425	Dingelstedt
8731	Dingolfing
9851	Dinkelsbuehl
8292	Dinkelscherben
4443	Dinklage
2064	Dinslaken
33846	Dippmannsdorf
3504	Dippoldiswalde
8267	Dirlewang
6238	Dirmstein
7327	Dischingen
5421	Dissen a.Teutoburger Wald
36648	Dittersdorf
7156	Ditzingen
3431	Doebeln
35322	Doberlug-Kirchhain
35600	Doebern (Nl.)
34495	Dobitschen
39248	Dobritz
6595	Dockweiler
4959	Dollart
39364	Dolle
35329	Dollenchen
8422	Dollnstein
38758	Doemitz
34223	Dommitzsch
38728	Domsuehl
771	Donaueschingen
9403	Donaustauf
906	Donauwoerth
9528	Donnersdorf
5265	Doerentrup
8081	Dorfen Stadt
2133	Dormagen
6436	Dornburg
36427	Dornburg (Saale)
36963	Dorndorf (Rhoen)
7455	Dornhan
7443	Dornstetten
4933	Dornum Ostfriesl
4963	Doerpen
4627	Doerpstedt
2362	Dorsten
2866	Dorsten-Rhade
2369	Dorsten-Wulfen
231	Dortmund
4742	Dorum
4234	Doerverden
4239	Doerverden-Westen
7937	Doerzbach
4433	Doetlingen
4432	Doetlingen-Brettorf
35609	Drachhausen
4177	Drage Elbe
35453	Drahnsdorf
4704	Drangstedt
33966	Dranse
5502	Dransfeld
5445	Drebber
35602	Drebkau
39293	Dreileben
39857	Drense
2508	Drensteinfurt
2538	Drensteinfurt-Rinkerode
2387	Drensteinfurt-Walstedde
351	Dresden
2775	Driedorf
4143	Drochtersen
4148	Drochtersen-Assel
36737	Drognitz
2763	Drolshagen-Bleche
38853	Droennewitz
34425	Droyssig
39726	Ducherow
6565	Dudeldorf
5527	Duderstadt
5185	Duingen
203	Duisburg
2066	Duisburg-Homberg
2065	Duisburg-Rheinhausen
2594	Duelmen
2590	Duelmen-Buldern
2548	Duelmen-Rorup
3869	Duemmer
7403	Dunningen
2421	Dueren
7245	Durmersheim
35026	Duerrroehrsdorf
9856	Duerrwangen
34386	Duerrweitzschen
211	Duesseldorf
36020	Ebeleben
6271	Eberbach Baden
5507	Ebergoetzen
7358	Eberhardzell-Fueramos
9194	Ebermannstadt
9531	Ebern
7163	Ebersbach a.d.Fils
37607	Ebersbrunn
6656	Ebersburg
4765	Ebersdorf b.Bremervoerde
3334	Eberswalde-Finow
7458	Ebhausen
9553	Ebrach Oberfr.
6424	Ebsdorfergrund
5822	Ebstorf
8709	Eching Niederbay.
6008	Echzell
34467	Eckartsberga
9126	Eckental
4351	Eckernfoerde
9271	Eckersdorf-Alladorf
4855	Eddelak
5176	Edemissen
5177	Edemissen-Abbensen
6323	Edenkoben
5623	Edertal
4405	Edewecht
4486	Edewecht-Friedrichsfehn
2675	Ediger-Eller
7628	Efringen-Kirchen
39268	Egeln
7429	Egesheim
4175	Egestorf Nordheide
4609	Eggebek
8721	Eggenfelden
39779	Eggesin
8056	Eggstaett
8544	Eging a.See
8176	Egling b.Wolfratshausen
7391	Ehingen Donau
7034	Ehningen
37341	Ehrenfriedersdorf
34494	Ehrenhain
6443	Ehringshausen Dill
37752	Eibenstock
39206	Eichenbarleben
9378	Eichenbuehl-Riedern
37430	Eichigt
8421	Eichstaett Bay.
7663	Eichstetten
39297	Eickendorf
7774	Eigeltingen
3423	Eilenburg
39409	Eilsleben
37209	Einsiedel
3691	Eisenach
7657	Eisenbach Hochschwarzw
36691	Eisenberg
6351	Eisenberg Pfalz
3364	Eisenhuettenstadt
3686	Eisfeld
6672	Eiterfeld
2243	Eitorf
39454	Elbingerode
38755	Eldena
2673	Ellenz-Poltersdorf
4120	Ellerhoop
36332	Ellrich
7961	Ellwangen Jagst
7965	Ellwangen-Roehlingen
38327	Elmenhorst
4121	Elmshorn
6328	Elmstein
2274	Elsdorf Rheinl.
8753	Elsendorf Niederbay.
4404	Elsfleth
4485	Elsfleth-Huntorf
35383	Elster (Elbe)
36621	Elsterberg
3533	Elsterwerda
35793	Elstra
9522	Eltmann
6123	Eltville a.Rhein
36200	Elxleben
7682	Elzach
5068	Elze Leine
4134	Embsen Kr.Lueneburg
4921	Emden
4330	Emkendorf
5943	Emlichheim
4665	Emmelsbuell-Horsbuell
6747	Emmelshausen
7641	Emmendingen
5875	Emmendorf
2822	Emmerich
2828	Emmerich-Elten
5155	Emmerthal
5157	Emmerthal-Boerry
7485	Empfingen
5903	Emsbueren
2572	Emsdetten
9104	Emskirchen
5624	Emstal
4473	Emstek
4295	Emtinghausen
9209	Emtmannsberg
7642	Endingen Kaiserstuhl
5926	Engden
2263	Engelskirchen
7733	Engen Hegau
5224	Enger Westf.
6303	Enkenbach-Alsenborn
2333	Ennepetal
2524	Ennigerloh
2528	Ennigerloh-Enniger
2587	Ennigerloh-Westkirchen
9624	Ensdorf Oberpf.
2938	Ense
7085	Enzkloesterle
7404	Epfendorf
6827	Eppelborn
6735	Eppelsheim
37293	Eppendorf
7262	Eppingen
6198	Eppstein
7305	Erbach Donau
6062	Erbach Odenw.
9682	Erbendorf
8122	Erding
4333	Erfde
2235	Erftstadt
361	Erfurt
9847	Ergersheim
8771	Ergoldsbach
8573	Ering
2431	Erkelenz
2435	Erkelenz-Loevenich
8336	Erkheim
3362	Erkner
9131	Erlangen
6183	Erlensee
34743	Ermsleben
36208	Ermstedt
2753	Erndtebrueck
7354	Erolzheim
36082	Ershausen
2943	Erwitte
39052	Erxleben
9374	Eschau
5142	Eschede
9645	Eschenbach Oberpf.
2770	Eschenburg
5534	Eschershausen a.d.Lenne
9948	Eschlkam
5651	Eschwege
2403	Eschweiler Rheinl.
4971	Esens
9653	Eslarn
2973	Eslohe Sauerl
2970	Eslohe-Cobbenrode
2978	Eslohe-Reiste
5772	Espelkamp
5743	Espelkamp-Gestringen
9394	Esselbach
201	Essen
5434	Essen Oldb.
2054	Essen-Kettwig
8703	Essenbach
9447	Essing
7365	Essingen Wuertt.
9305	Estenfeld
5955	Esterwegen
4140	Estorf Kr.Stade
5025	Estorf Weser
7822	Ettenheim
9148	Ettenstatt
7243	Ettlingen
8249	Ettringen Wertach
9726	Euerbach
9704	Euerdorf
8179	Eurasburg a.d.Isar
8208	Eurasburg b.Augsburg
2251	Euskirchen
2255	Euskirchen-Flamersheim
9350	Eussenheim-Hundsbach
4521	Eutin
2582	Everswinkel
5262	Extertal
5754	Extertal-Bremke
4254	Eystrup
6267	Fahrenbach Baden
33208	Fahrland
35365	Falkenberg (Elster)
33458	Falkenberg (Mark)
8727	Falkenberg Niederbay.
9637	Falkenberg Oberpf.
33603	Falkenhagen
33986	Falkenhagen
34262	Falkenhain
3322	Falkensee
3745	Falkenstein
9462	Falkenstein Oberpf.
33088	Falkenthal
5162	Fallingbostel
5163	Fallingbostel-Dorfmark
5055	Fassberg
5053	Fassberg-Mueden
9392	Faulbach Unterfr.
39951	Faulenrost
4423	Fedderwarden
33932	Fehrbellin
8157	Feldafing
6637	Feldatal
39831	Feldberg
7676	Feldberg Schwarzw.
7655	Feldberg-Altglashuetten
9420	Feldkirchen Niederbay.
8063	Feldkirchen-Westerham
33734	Felgentreu
8335	Fellheim
5662	Felsberg Hess.
9438	Fensterbach
39778	Ferdinandshof
35363	Fermerswalde
9128	Feucht
9852	Feuchtwangen
9272	Fichtelberg
7962	Fichtenau
33206	Fichtenwalde
2395	Finnentrop-Roenkhausen
2724	Finnentrop-Serkenrode
3335	Finowfurt
3531	Finsterwalde
4265	Fintel
8236	Fischach
6393	Fischbach b.Dahn
8028	Fischbachau
6166	Fischbachtal
8326	Fischen i.Allgaeu
9829	Flachslanden
9778	Fladungen
2685	Flammersfeld
39054	Flechtingen
4354	Fleckeby
33923	Flecken Zechlin
39034	Fleetmark
461	Flensburg
4347	Flintbek
3726	Floeha
6734	Flonheim
6057	Floersbachtal
6145	Floersheim a.Main
9603	Floss
7402	Fluorn-Winzeln
7228	Forbach
7220	Forbach-Hundsbach
9191	Forchheim Oberfr.
7947	Forchtenberg
39266	Foerderstedt
3562	Forst
8124	Forstern Oberbay.
9355	Frammersbach
6455	Frankenau Hess.
37206	Frankenberg
6451	Frankenberg Eder
7959	Frankenhardt
37321	Frankenstein
6233	Frankenthal Pfalz
335	Frankfurt (Oder)
69	Frankfurt a.Main
6109	Frankfurt-Bergen-Enkheim
34637	Frankleben
9926	Frauenau
37326	Frauenstein
2234	Frechen
5184	Freden Leine
4149	Fredenbeck
33439	Fredersdorf
7645	Freiamt
3731	Freiberg (Sachs.)
4779	Freiburg Elbe
761	Freiburg i.Breisgau
7664	Freiburg-Tiengen
6666	Freiensteinau
4602	Freienwill
6055	Freigericht
9646	Freihung
8654	Freilassing
2666	Freilingen Westerw.
6353	Freinsheim
6855	Freisen
8161	Freising
5355	Frellstedt
9086	Fremdingen
9502	Frensdorf
5902	Freren
33964	Fretzdorf
9375	Freudenberg Baden
9627	Freudenberg Oberpf.
2734	Freudenberg Westf.
9377	Freudenberg-Boxtal
6582	Freudenburg
7441	Freudenstadt
34464	Freyburg
33967	Freyenstein
9179	Freystadt
8469	Freystadt-Burggriesbach
8551	Freyung
8684	Fridolfing
6031	Friedberg Hess.
4465	Friedeburg Ostfriesl
4468	Friedeburg-Reepsholt
9683	Friedenfels
33767	Friedersdorf
6674	Friedewald Hess.
33676	Friedland
39601	Friedland
5504	Friedland Kr.Goettingen
3623	Friedrichroda
39487	Friedrichsbrunn
6175	Friedrichsdorf Taunus
7541	Friedrichshafen
4854	Friedrichskoog
4881	Friedrichstadt
33367	Friedrichswalde
36254	Friedrichswerth
5684	Frielendorf
36258	Friemar
33235	Friesack
8347	Friesenried
4491	Friesoythe
4493	Friesoythe-Gehlenberg
4496	Friesoythe-Markhausen
4495	Friesoythe-Thuele
5622	Fritzlar
34348	Frohburg
2378	Froendenberg-Langschede
6426	Fronhausen
7505	Fronreute
8732	Frontenhausen
34741	Frose
8243	Fuchstal
661	Fulda
5607	Fuldatal
33654	Fuenfeichen
6709	Fuerfeld Kr.Bad Kreuznach
5901	Fuerstenau b.Bramsche
33093	Fuerstenberg
8141	Fuerstenfeldbruck
3361	Fuerstenwalde (Spree)
39859	Fuerstenwerder
8502	Fuerstenzell
9973	Furth i.Wald
6253	Fuerth Odenw.
7723	Furtwangen
8362	Fuessen
8230	Gablingen
3886	Gadebusch
7225	Gaggenau
7971	Gaildorf
7734	Gailingen
8458	Gaimersheim
38732	Gallin
38850	Gammelin
8766	Gammelsdorf
7574	Gammertingen
4222	Ganderkesee
4223	Ganderkesee-Bookholzberg
2454	Gangelt
8722	Gangkofen
8735	Gangkofen-Kollbach
38737	Ganzlin
5131	Garbsen
8634	Garching a.d.Alz
3907	Gardelegen
4862	Garding
4795	Garlstedt
8821	Garmisch-Partenkirchen
4474	Garrel
8073	Gars a.Inn
5846	Gartow
33332	Gartz
38304	Garz (Ruegen)
34299	Gaschwitz
39482	Gatersleben
6725	Gau-Algesheim
6733	Gau-Odernheim
9337	Gaukoenigshofen
36463	Gebstedt
7056	Gechingen
6045	Gedern
5907	Geeste
5937	Geeste-Gross Hesepe
39397	Geestgottberg
4152	Geesthacht
36649	Gefell
9254	Gefrees
36845	Gehlberg
5108	Gehrden Han
36783	Gehren (Thuer.)
2451	Geilenkirchen
36967	Geisa
9423	Geiselhoering
9556	Geiselwind
8452	Geisenfeld
8743	Geisenhausen
7704	Geisingen Baden
7708	Geisingen-Leipferdingen
7331	Geislingen a.d.Steige
34341	Geithain
38201	Gelbensande
2831	Geldern
6051	Gelnhausen
209	Gelsenkirchen
8193	Geltendorf
4643	Gelting Angeln
7267	Gemmingen
9351	Gemuenden a.Main
6634	Gemuenden Felda
6765	Gemuenden Hunsrueck
6453	Gemuenden Wohra
7803	Gengenbach
6727	Gensingen
3933	Genthin
9658	Georgenberg
9172	Georgensgmuend
36253	Georgenthal (Thuer.)
5946	Georgsdorf
5401	Georgsmarienhuette
365	Gera
7952	Gerabronn
8728	Geratskirchen
34783	Gerbstedt
9344	Gerchsheim
5808	Gerdau
37382	Geringswalde
7274	Germersheim
39485	Gernrode (Harz)
7224	Gernsbach
6258	Gernsheim
9747	Geroda
9366	Geroldshausen Unterfr.
8445	Gerolsbach
6591	Gerolstein
9382	Gerolzhofen
35829	Gersdorf
37203	Gersdorf
6654	Gersfeld Rhoen
6843	Gersheim
7323	Gerstetten
36922	Gerstungen
39887	Gerswalde
8744	Gerzen
4553	Geschendorf
2542	Gescher
9201	Gesees
2942	Geseke
9867	Geslau
8238	Gessertshausen
4346	Gettorf
2332	Gevelsberg
37346	Geyer
9334	Giebelstadt
5528	Gieboldehausen
5339	Gielde
39957	Gielow
7322	Giengen a.d.Brenz
34746	Giersleben
641	Giessen
5371	Gifhorn
8105	Gilching
6573	Gillenfeld
6696	Gilserberg
38305	Gingst
39342	Gladau
2043	Gladbeck Westf.
6462	Gladenbach
6383	Glan-Muenchweiler
5426	Glandorf
35053	Glashuette (Sachs.)
38429	Glasin
35265	Glaubitz
6041	Glauburg
3763	Glauchau
5592	Gleichen-Bremke
5508	Gleichen-Rittmarshausen
33677	Glienicke
39606	Glienke
34927	Globig
8093	Glonn Kr.Ebersberg
9075	Gloett
7684	Glottertal
38787	Gloewen
4631	Gluecksburg Ostsee
4124	Glueckstadt
4763	Gnarrenburg
4764	Gnarrenburg-Klenkendorf
34221	Gneisenaustadt Schildau
39971	Gnoien
2823	Goch
2827	Goch-Hassum
38308	Goehren
36255	Goldbach
39388	Goldbeck (Altm.)
38736	Goldberg (Meckl.)
4444	Goldenstedt
39882	Gollin
35435	Gollmitz
35452	Golssen
33472	Golzow
33835	Golzow
7385	Gomadingen
7072	Gomaringen
39200	Gommern
6745	Gondershausen
7161	Goeppingen
7165	Goeppingen-Hohenstaufen
8302	Goerisried
39851	Goeritz
5882	Gorleben
3581	Goerlitz
39992	Goermin
7754	Goerwihl
34975	Goerzig
33847	Goerzke
35694	Gosda
7426	Gosheim
5321	Goslar
5325	Goslar-Hahnenklee
34955	Gossa
9358	Goessenheim
34493	Goessnitz
9242	Goessweinstein
3621	Gotha
551	Goettingen
35478	Goyatz
38206	Graal-Mueritz
7255	Graben-Neudorf
8661	Grabenstaett Chiemsee
38756	Grabow (Meckl.)
39926	Grabowhoefe
8552	Grafenau Niederbay.
9192	Graefenberg
9357	Graefendorf
34953	Graefenhainichen
7748	Grafenhausen Hochschwarzw
36205	Graefenroda
36703	Graefenthal
36042	Graefentonna
9641	Grafenwoehr
36785	Graefinau-Angstedt
8092	Grafing b.Muenchen
8144	Grafrath
8585	Grainet
39749	Grambow
38334	Grammendorf
39952	Grammentin
39861	Gramzow
3306	Gransee
4208	Grasberg
5357	Grasleben
8641	Grassau
6086	Graevenwiesbach
38720	Grebbin
6646	Grebenau
6644	Grebenhain
5674	Grebenstein
4383	Grebin
8463	Greding
2158	Grefrath b.Krefeld
34781	Greifenhagen
2779	Greifenstein-Beilstein
6477	Greifenstein-Nenderoth
6478	Greifenstein-Ulm
33334	Greiffenberg
3834	Greifswald
3661	Greiz
7624	Grenzach-Wyhlen
38224	Gresenhorst
9729	Grettstadt
3636	Greussen
2571	Greven Westf.
2575	Greven-Reckenfeld
2181	Grevenbroich
2182	Grevenbroich-Kapellen
3881	Grevesmuehlen
33086	Grieben
39362	Grieben
8532	Griesbach i.Rottal
6155	Griesheim Hess.
3437	Grimma
38326	Grimmen
34605	Groebers
34976	Groebzig
35263	Groeditz
34296	Groitzsch
4562	Groemitz
4366	Groemitz-Cismar
5182	Gronau Leine
2562	Gronau Westf.
2565	Gronau-Epe
8334	Groenenbach
39403	Groeningen
39202	Gross Ammensleben
33239	Gross Behnitz
38332	Gross Bisdorf
39976	Gross Buetzin
39883	Gross Doelln
5064	Gross Duengen
39398	Gross Garz
33201	Gross Glienicke
38725	Gross Godems
4509	Gross Groenau
4224	Gross Ippener
33207	Gross Kreutz
5035	Gross Munzel
39605	Gross Nemerow
33478	Gross Neuendorf
5838	Gross Oesingen
35608	Gross Ossnig
33983	Gross Pankow
39978	Gross Roge
39294	Gross Rosenburg
35726	Gross Saerchen
33393	Gross Schoenebeck
38788	Gross Warnow
4356	Gross Wittensee
33364	Gross Ziethen
6152	Gross-Gerau
6078	Gross-Umstadt
8203	Grossaitingen
5604	Grossalmerode
33701	Grossbeeren
36330	Grossberndten
36077	Grossbodungen
34384	Grossbothen
7148	Grossbottwar
36781	Grossbreitenbach
6337	Grossbundenbach
35934	Grossdubrau
4943	Grossefehn
4946	Grossefehn-Bagband
4945	Grossefehn-Timmel
4327	Grossenaspe
4367	Grossenbrode
36370	Grossenehrich
36022	Grossengottern
3522	Grossenhain
4435	Grossenkneten
4487	Grossenkneten-Huntlosen
36920	Grossenlupnitz
4604	Grossenwiehe
4775	Grossenwoerden
36206	Grossfahner
9105	Grosshabersdorf
35954	Grossharthau
37329	Grosshartmannsdorf
4936	Grossheide
34446	Grosskorbetha
6186	Grosskrotzenburg
8407	Grossmehring
6026	Grossostheim
35938	Grosspostwitz (Ol.)
35753	Grossraeschen
35952	Grossroehrsdorf
6809	Grossrosseln
37328	Grossschirma
35841	Grossschoenau
6339	Grosssteinhausen
36335	Grosswechsungen
9766	Grosswenkheim
33873	Grosswudicke
34263	Grosszschepa
9560	Grub a.Forst
6401	Gruenberg Hess.
6058	Gruendau
8383	Gruenenbach Allgaeu
37294	Gruenhainichen
33655	Grunow
9346	Gruensfeld
6359	Gruenstadt
7972	Gschwend b.Gaildorf
3561	Guben
5603	Gudensberg
4547	Gudow Lauenb.
33929	Guehlen Glienicke
38844	Guelze
2261	Gummersbach
33977	Gumtow
9073	Gundelfingen a.d.Donau
6269	Gundelsheim Wuertt.
39488	Guentersberge
6249	Guntersblum
8221	Guenzburg
9831	Gunzenhausen
9836	Gunzenhausen-Cronheim
5865	Gusborn
39344	Guesen
38486	Gustaevel
39262	Guesten
3843	Guestrow
7685	Gutach-Bleibach
37433	Gutenfuerst
33084	Gutengermendorf
39247	Gueterglueck
5241	Guetersloh
5209	Guetersloh-Friedrichsdorf
35932	Guttau
38353	Guetzkow
5665	Guxhagen
4286	Gyhum
8072	Haag Oberbay.
2129	Haan Rheinl.
8535	Haarbach
2662	Hachenburg
6433	Hadamar
39408	Hadmersleben
2331	Hagen
4746	Hagen b.Bremerhaven
2337	Hagen-Dahl
2334	Hagen-Hohenlimburg
7273	Hagenbach Pfalz
3883	Hagenow
35822	Hagenwerder
4938	Hagermarsch
9664	Hahnbach
35894	Haehnichen
6430	Hahnstaetten
8556	Haidmuehle
2773	Haiger
7474	Haigerloch
8133	Haimhausen Oberbay.
6456	Haina Kloster
37207	Hainichen
7456	Haiterbach
3941	Halberstadt
8368	Halblech
3904	Haldensleben
8055	Halfing
811	Hallbergmoos
345	Halle
5201	Halle Westf.
2984	Hallenberg
6557	Hallschlag
2364	Haltern Westf.
2360	Haltern-Lippramsdorf
2353	Halver
4793	Hambergen
5084	Hambuehren
40	Hamburg
4332	Hamdorf b.Rendsburg
5151	Hameln
2682	Hamm Sieg
2381	Hamm Westf.
2385	Hamm-Rhynern
2388	Hamm-Uentrop
9732	Hammelburg
6185	Hammersbach Hess.
2852	Hamminkeln
2856	Hamminkeln-Bruenen
6181	Hanau
4608	Handewitt
4872	Hanerau-Hademarschen
33632	Hangelsberg
5832	Hankensbuettel
511	Hannover
4184	Hanstedt Nordheide
39406	Harbke
9003	Harburg Schwab.
5505	Hardegsen
6283	Hardheim Odenw.
5932	Haren Ems
5934	Haren-Ruetenbrock
4244	Harpstedt
36642	Harra
4164	Harsefeld
5247	Harsewinkel
2588	Harsewinkel-Greffen
5127	Harsum
4195	Hartenholm
37605	Hartenstein
9152	Hartenstein
34328	Hartha
39484	Harzgerode
5405	Hasbergen Kr.Osnabrueck
6574	Hasborn
4129	Haseldorf
5961	Haseluenne
7832	Haslach i.Kinzigtal
39459	Hasselfelde
9521	Hassfurt
39884	Hassleben
6324	Hassloch
6266	Hassmersheim
4482	Hatten
4481	Hatten-Sandkrug
6190	Hattersheim a.Main
2324	Hattingen Ruhr
5584	Hattorf a.Harz
4846	Hattstedt
6467	Hatzfeld Eder
6392	Hauenstein Pfalz
9837	Haundorf
6673	Haunetal
7831	Hausach
9448	Hausen Niederbay.
8026	Hausham
8586	Hauzenberg
39387	Havelberg
4603	Havetoft
2507	Havixbeck
7386	Hayingen
34658	Hayn
7471	Hechingen
4774	Hechthausen
33451	Heckelberg
39481	Hedersleben
2568	Heek
4287	Heeslingen-Boitzen
481	Heide Holst.
9177	Heideck
6221	Heidelberg
2867	Heiden Kr.Borken
3529	Heidenau
7321	Heidenheim a.d.Brenz
9833	Heidenheim Mittelfr.
4320	Heidmuehlen
6020	Heigenbruecken
7131	Heilbronn Neckar
7554	Heiligenberg Baden
33962	Heiligengrabe
4362	Heiligenhafen
2056	Heiligenhaus
3606	Heiligenstadt
9198	Heiligenstadt Oberfr.
9872	Heilsbronn
2446	Heimbach Eifel
6789	Heimbach Nahe
6092	Heimbuchenthal
2452	Heinsberg Rheinl.
2453	Heinsberg-Randerath
34772	Helbra
36871	Heldburg
34673	Heldrungen
4725	Helgoland
2482	Hellenthal
2448	Hellenthal-Rescheid
9252	Helmbrechts
5351	Helmstedt
5356	Helmstedt-Barmke
9491	Hemau
2372	Hemer
5158	Hemeringen
4771	Hemmoor
9901	Hengersberg
36945	Henneberg
2242	Hennef Sieg
2248	Hennef-Uckerath
33732	Hennickendorf
3302	Hennigsdorf
39038	Henningen
4877	Hennstedt b.Itzehoe
4836	Hennstedt Dithm.
2367	Henrichenburg
4193	Henstedt-Ulzburg
6252	Heppenheim Bergstr
7586	Herbertingen
7643	Herbolzheim Breisgau
2772	Herborn Hess.
7324	Herbrechtingen
6643	Herbstein
6647	Herbstein-Stockhausen
2330	Herdecke
2744	Herdorf
7557	Herdwangen-Schoenach
5221	Herford
8385	Hergatz
8388	Hergensweiler
36333	Heringen
6624	Heringen Werra
4365	Heringsdorf
38378	Heringsdorf, Seebad
5654	Herleshausen
5052	Hermannsburg
6503	Hermeskeil
35057	Hermsdorf (Osterzgeb.)
36601	Hermsdorf (Thuer.)
2323	Herne
9190	Heroldsbach
7389	Heroldstatt
7032	Herrenberg
9825	Herrieden
7764	Herrischried
35873	Herrnhut
8152	Herrsching a.Ammersee
6785	Herrstein
9151	Hersbruck
2357	Herscheid Westf.
2366	Herten Westf.
7276	Herxheim b.Landau
33926	Herzberg
3535	Herzberg (Elster)
5521	Herzberg a.Harz
5585	Herzberg-Sieber
5245	Herzebrock-Clarholz
33434	Herzfelde
5962	Herzlake
9132	Herzogenaurach
2406	Herzogenrath
2407	Herzogenrath-Kohlscheid
33965	Herzsprung
39426	Hessen
6276	Hesseneck
5602	Hessisch Lichtenau
5152	Hessisch Oldendorf
9135	Hessdorf Mittelfr.
3476	Hettstedt
39745	Hetzdorf
6508	Hetzerath Mosel
7173	Heubach
36761	Heubisch
34423	Heuckewalde
39458	Heudeber
6104	Heusenstamm
6806	Heusweiler
36084	Heuthen
35266	Heyda
2733	Hilchenbach
3685	Hildburghausen
2103	Hilden
5121	Hildesheim
4256	Hilgermissen
8250	Hilgertshausen-Tandern
5703	Hille
5373	Hillerse Kr.Gifhorn
6593	Hillesheim Eifel
9174	Hilpoltstein
5409	Hilter a.Teutoburger Wald
7739	Hilzingen
5828	Himbergen
33089	Himmelpfort
4144	Himmelpforten
8324	Hindelang
4925	Hinte
35974	Hinterhermsdorf
39776	Hintersee
6396	Hinterweidenthal
7652	Hinterzarten
4768	Hipstedt
7478	Hirrlingen
9543	Hirschaid
9622	Hirschau Oberpf.
36644	Hirschberg (Saale)
35343	Hirschfeld
35843	Hirschfelde
6272	Hirschhorn Neckar
5862	Hitzacker
5858	Hitzacker-Wietzetze
7355	Hochdorf Riss
6231	Hochdorf-Assenheim
9764	Hoechheim
6146	Hochheim a.Main
6305	Hochspeyer
6163	Hoechst i.Odenw.
9193	Hoechstadt a.d.Aisch
9074	Hoechstaedt a.d.Donau
6347	Hochstadt Pfalz
35055	Hoeckendorf
6205	Hockenheim
5164	Hodenhagen
9281	Hof Saale
6657	Hofbieber
6684	Hofbieber-Schwarzbach
5671	Hofgeismar
6192	Hofheim a.Taunus
9523	Hofheim Unterfr.
6122	Hofheim-Wallau
8545	Hofkirchen Bay.
7808	Hohberg b.Offenburg
6446	Hohenahr
4893	Hohenaspe
8558	Hohenau Niederbay.
39394	Hohenberg-Krusemark
9626	Hohenburg
4385	Hohenfelde b.Kiel
9472	Hohenfels Oberpf.
5128	Hohenhameln
38428	Hohenkirchen
8102	Hoehenkirchen
4826	Hohenlockstedt
39993	Hohenmocker
34441	Hohenmoelsen
33872	Hohennauen
8805	Hohenpeissenberg
34242	Hohenpriessnitz
6676	Hohenroda
33368	Hohensaaten
33744	Hohenseefeld
7387	Hohenstein Wuertt.
3723	Hohenstein-Ernstthal
8784	Hohenthann
8443	Hohenwart Paar
9946	Hohenwarth b.Koetzting
4871	Hohenwestedt
39226	Hohenziatz
39824	Hohenzieritz
4335	Hohn b.Rendsburg
5083	Hohne b.Celle
35975	Hohnstein
2624	Hoehr-Grenzhausen
5494	Holdorf Niedersachs
5062	Holle b.Hildesheim
4165	Hollenstedt Nordheide
9274	Hollfeld
4187	Holm-Seppensen
6523	Holsthum
3865	Holthusen
4950	Holtland
6439	Holzappel
35389	Holzdorf
39853	Holzendorf
36379	Holzengel
8393	Holzguenz
8024	Holzkirchen Oberbay.
5531	Holzminden
5536	Holzminden-Neuhaus
2301	Holzwickede
5681	Homberg Efze
6633	Homberg Ohm
6841	Homburg Saar
6848	Homburg-Einoed
4849	Hooge Hallig
5944	Hoogstede
33982	Hoppenrade
38451	Hoppenrade
5458	Hopsten
5457	Hopsten-Schale
7451	Horb a.Neckar
7486	Horb-Altheim
7482	Horb-Dettingen
7483	Horb-Muehringen
8294	Horgau
7504	Horgenzell
2687	Horhausen Westerw.
35892	Horka (Ol.)
5234	Horn-Bad Meinberg
6338	Hornbach Pfalz
7833	Hornberg Schwarzwaldbahn
5334	Hornburg Kr.Wolfenbuettel
4163	Horneburg Niederelbe
35698	Hornow
4653	Hoernum Sylt
39055	Hoersingen
36023	Horsmar
38333	Horst
4126	Horst Holst.
4288	Horstedt Kr.Rotenburg
5459	Hoerstel
5978	Hoerstel-Dreierwalde
5454	Hoerstel-Riesenbeck
2558	Horstmar
35756	Hosena
6650	Hosenfeld
7587	Hosskirch
39405	Hoetensleben
5257	Hoevelhof
5294	Hoevelhof-Espeln
5271	Hoexter
5277	Hoexter-Fuerstenau
5275	Hoexter-Ottbergen
5278	Hoexter-Ovenhausen
4251	Hoya
3571	Hoyerswerda
2433	Hueckelhoven
2192	Hueckeswagen
4408	Hude Oldb.
4484	Hude-Wuesting
6268	Hueffenhardt
8802	Huglfing
5744	Huellhorst
6652	Huenfeld
6438	Huenfelden
6402	Hungen
2858	Huenxe
2429	Huertgenwald
2233	Huerth Rheinl.
4634	Husby
4841	Husum Nordsee
8505	Hutthurm
5451	Ibbenbueren
8223	Ichenhausen
8178	Icking
6781	Idar-Oberstein
39390	Iden
6126	Idstein
7229	Iffezheim
4755	Ihlienworth
4929	Ihlow
4928	Ihlow-Riepe
7668	Ihringen
36331	Ilfeld
7346	Illerkirchberg
7303	Illertissen
6825	Illingen Saar
7558	Illmensee
9666	Illschwang
3677	Ilmenau
5172	Ilsede
39452	Ilsenburg
7904	Ilshofen
7462	Immendingen
5673	Immenhausen Hess.
7545	Immenstaad a.Bodensee
8323	Immenstadt i.Allgaeu
8257	Inchenhofen
2465	Inden
6132	Ingelheim a.Rhein
841	Ingolstadt Donau
8450	Ingolstadt-Zuchering
8143	Inning a.Ammersee
2695	Insul
8665	Inzell
9323	Iphofen
9339	Ippesheim
9846	Ipsheim
6525	Irrel
6550	Irrhausen
8083	Isen
5374	Isenbuettel
2371	Iserlohn
2374	Iserlohn-Letmathe
7562	Isny i.Allgaeu
7569	Isny-Eisenbach
2874	Isselburg
2873	Isselburg-Werth
36425	Isserstedt
2835	Issum
5948	Itterbeck
4821	Itzehoe
39929	Jabel
8043	Jachenau
33608	Jacobsdorf
4454	Jade
4455	Jade-Schweiburg
7967	Jagstzell
39885	Jakobshagen
5864	Jameln
34466	Janisroda
4607	Janneby
35607	Jaenschwalde
39997	Jarmen
39741	Jatznick
39086	Jaevenitz
34907	Jeber-Bergfrieden
5366	Jembke
4958	Jemgum
4902	Jemgum-Ditzum
3641	Jena
39087	Jerchel
39343	Jerichow
5354	Jerxheim
6695	Jesberg
34241	Jesewitz
3537	Jessen (Elster)
4183	Jesteburg
7745	Jestetten
8225	Jettingen-Scheppach
4337	Jevenstedt
4461	Jever
33361	Joachimsthal
37439	Jocketa
3773	Johanngeorgenstadt
8564	Johanniskirchen
37343	Joehstadt
4673	Joldelund
39977	Joerdenstorf
4162	Jork
6059	Jossgrund
39003	Juebar
4625	Juebek
2165	Juechen
2164	Juechen-Otzenrath
36947	Juechsen
4935	Juist
2461	Juelich
7477	Jungingen b.Hechingen
6597	Juenkerath
38466	Juergenshagen
39955	Juergenstorf
3372	Jueterbog
38845	Kaarssen
39347	Kade
6188	Kahl a.Main
36424	Kahla (Thuer.)
7184	Kaisersbach
2653	Kaisersesch
631	Kaiserslautern
9009	Kaisheim
39081	Kakerbeck
9742	Kalbach Rhoen
39080	Kalbe
5553	Kalefeld
2824	Kalkar
38827	Kalkhorst
2441	Kall
5264	Kalletal
5755	Kalletal-Varenholz
9473	Kallmuenz
4191	Kaltenkirchen Holst.
36966	Kaltennordheim
2307	Kamen
3578	Kamenz
39382	Kamern
36028	Kammerforst
6773	Kamp-Bornhofen
2842	Kamp-Lintfort
7275	Kandel
7626	Kandern
4642	Kappeln Schlei
7842	Kappelrodeck
6039	Karben
38733	Karbow
4644	Karby
7202	Karlsbad
38371	Karlshagen
8454	Karlshuld
721	Karlsruhe
9353	Karlstadt
9359	Karlstadt-Wiesenfeld
38738	Karow
38797	Karstaedt
33922	Karwesee
9220	Kasendorf-Azendorf
561	Kassel
6762	Kastellaun
9625	Kastl b.Amberg
4501	Kastorf Holst.
5552	Katlenburg
6486	Katzenelnbogen
38373	Katzow
6774	Kaub
8341	Kaufbeuren
5605	Kaufungen
36733	Kaulsdorf
38208	Kavelstorf
34426	Kayna
6049	Kefenrod
7851	Kehl
7853	Kehl-Bodersweier
7854	Kehl-Goldscheuer
39366	Kehnert
2692	Kelberg
9441	Kelheim
6195	Kelkheim Taunus
6589	Kell
4822	Kellinghusen
6107	Kelsterbach
7236	Keltern
34921	Kemberg
9642	Kemnath Stadt
38352	Kemnitz
2152	Kempen
6786	Kempfeld
831	Kempten Allgaeu
7644	Kenzingen
2833	Kerken
35692	Kerkwitz
2237	Kerpen Rheinl.
2275	Kerpen-Buir
2273	Kerpen-Horrem
2647	Kesseling
33233	Ketzin
2832	Kevelaer
431	Kiel
8628	Kienberg Oberbay.
2359	Kierspe
2269	Kierspe-Roensahl
33479	Kietz
36375	Kindelbrueck
8467	Kinding
8869	Kinsau
8465	Kipfenberg
7825	Kippenheim
35052	Kipsdorf,kurort
8685	Kirchanschoering
7266	Kirchardt
4302	Kirchbarkau
37602	Kirchberg (Sachs.)
7954	Kirchberg a.d.Jagst
6763	Kirchberg Hunsrueck
9927	Kirchberg Wald
38425	Kirchdorf (Poel.)
4273	Kirchdorf b.Sulingen
9928	Kirchdorf i.Wald
9285	Kirchenlamitz
9647	Kirchenthumbach
4135	Kirchgellersen
6422	Kirchhain
36043	Kirchheilingen
8266	Kirchheim Schwab.
7021	Kirchheim Unter Teck
6352	Kirchheimbolanden
2723	Kirchhundem
9536	Kirchlauter
4236	Kirchlinteln
2979	Kirchrarbach
9428	Kirchroth
8091	Kirchseeon
4289	Kirchtimke
8623	Kirchweidach
7661	Kirchzarten
6849	Kirkel
6752	Kirn Nahe
3592	Kirschau
6635	Kirtorf
6766	Kisselbach
5337	Kissenbrueck
8233	Kissing
9306	Kist
7563	Kisslegg
9321	Kitzingen
39324	Klaeden
38723	Kladrum
4668	Klanxbuell
39602	Kleeth
5965	Klein Berssen
39724	Klein Buenzow
39934	Klein Plasten
39399	Kleinau
6805	Kleinblittersdorf
6536	Kleinich
9325	Kleinlangheim
33203	Kleinmachnow
36372	Kleinneuhausen
38784	Kleinow
36849	Kleinschmalkalden
35935	Kleinwelka
39854	Kleptow
36209	Klettbach
36336	Klettenberg
7742	Klettgau
35754	Klettwitz
2821	Kleve Niederrhein
39327	Klietz
35202	Klingenberg
9372	Klingenberg a.Main
37467	Klingenthal
39348	Klitsche
35895	Klitten
35388	Kloeden
33396	Klosterfelde
3909	Kloetze
39056	Klueden
38825	Kluetz
36484	Knau
9527	Knetzgau
5685	Knuellwald
2607	Kobern-Gondorf
261	Koblenz
8851	Kochel a.See
8858	Kochel-Walchensee
39004	Koeckte
35825	Kodersdorf
9608	Kohlberg Oberpf.
34344	Kohren-Sahlis
9385	Kolitzheim
3635	Koelleda
4128	Kollmar
221	Koeln
2203	Koeln-Porz
6440	Koelschhausen
35605	Komptendorf
6737	Koengernheim
9340	Koenigheim-Brehmen
3375	Koenigs Wusterhausen
7232	Koenigsbach-Stein
9525	Koenigsberg i.Bay.
7328	Koenigsbronn
35795	Koenigsbrueck
8231	Koenigsbrunn b.Augsburg
36738	Koenigsee
2646	Koenigsfeld Eifel
7725	Koenigsfeld i.Schwarzwald
9207	Koenigsfeld Oberfr.
35826	Koenigshain
5353	Koenigslutter a.Elm
4180	Koenigsmoor
8433	Koenigsmoos
35021	Koenigstein
6174	Koenigstein i.Taunus
9665	Koenigstein Oberpf.
35931	Koenigswartha
2223	Koenigswinter
2244	Koenigswinter-Oberpleis
36732	Koenitz
6384	Konken
34691	Koennern
9292	Konradsreuth
7531	Konstanz
6501	Konz
9963	Konzell
5631	Korbach
6505	Kordel
36025	Koerner
7150	Korntal-Muenchingen
7154	Kornwestheim
6566	Koerperich
38375	Koserow
8536	Koesslarn
39607	Kotelow
3496	Koethen (Anh.)
9941	Koetzting
39746	Krackow
36606	Kraftsdorf
7250	Kraichtal
38457	Krakow a.See
2826	Kranenburg Niederrhein
36450	Kranichfeld
39822	Kratzeburg
7576	Krauchenwies
6294	Krautheim Jagst
2151	Krefeld
5563	Kreiensen
35206	Kreischa
33055	Kremmen
4824	Krempe
34295	Krensitz
7543	Kressbronn a.Bodensee
7957	Kressberg
8029	Kreuth b.Tegernsee
2422	Kreuzau
2732	Kreuztal
6358	Kriegsfeld
39723	Krien
35604	Krieschow
35028	Krippen
38454	Kritzkow
35244	Kroegis
9261	Kronach
6173	Kronberg i.Taunus
4856	Kronprinzenkoog
38292	Kroepelin
4624	Kropp
2688	Kroppach
39264	Kroppenstedt
34920	Kropstaedt
38370	Kroeslin
8282	Krumbach Schwab.
4508	Krummesse
4926	Krummhoern-Greetsiel
4927	Krummhoern-Loquard
4923	Krummhoern-Pewsum
8825	Kruen
39035	Kuhfelde
38293	Kuehlungsborn
34261	Kuehren
9221	Kulmbach
9345	Kuelsheim Baden
39008	Kunrau
9199	Kunreuth
7940	Kuenzelsau
7944	Kupferzell
9264	Kueps
2268	Kuerten
2207	Kuerten-Duerscheid
6381	Kusel
39005	Kusey
4762	Kutenholz
6563	Kyllburg
33971	Kyritz
9498	Laaber
38459	Laage
5947	Laar Vechte
35436	Laasow
5102	Laatzen
4343	Laboe
5485	Ladbergen
4666	Ladelund
6203	Ladenburg
2554	Laer Kr.Steinfurt
5232	Lage
4828	Laegerdorf
5964	Laehden
2621	Lahnstein
6420	Lahntal
7821	Lahr Schwarzw.
5174	Lahstedt
7333	Laichingen
38452	Lalendorf
9904	Lalling
9943	Lam Oberpf.
6325	Lambrecht Pfalz
8248	Lamerdingen
6206	Lampertheim
6256	Lampertheim-Huettenfeld
5183	Lamspringe
4773	Lamstedt
9951	Landau a.d.Isar
6341	Landau i.d.Pfalz
34602	Landsberg
8191	Landsberg a.Lech
6575	Landscheid
871	Landshut
6371	Landstuhl
4636	Langballig
35201	Langebrueck
5326	Langelsheim
4743	Langen b.Bremerhaven
6103	Langen Hess.
4707	Langen-Neuenwalde
7345	Langenau Wuertt.
5248	Langenberg Kr.Guetersloh
7905	Langenburg
7376	Langenenslingen
4684	Langeness Hallig
9164	Langenfeld Mittelfr.
2173	Langenfeld Rheinl.
35032	Langenhennersdorf
4672	Langenhorn
34497	Langenleuba-Niederhain
6704	Langenlonsheim
8239	Langenneufnach
6184	Langenselbold
39205	Langenweddingen
36625	Langenwetzendorf
9101	Langenzenn
4972	Langeoog
2423	Langerwehe
6447	Langgoens-Niederkleen
38456	Langhagen
5082	Langlingen
9452	Langquaid
4329	Langwedel Holst.
4232	Langwedel Kr.Verden
4235	Langwedel-Etelsen
38780	Lanz
38858	Lassahn
38374	Lassan
4472	Lastrup
4477	Lastrup-Hemmelte
5933	Lathen
6405	Laubach Hess.
34462	Laucha (Unstrut)
3574	Lauchhammer
7363	Lauchheim
9343	Lauda-Koenigshofen
5043	Lauenau
4267	Lauenbrueck
4153	Lauenburg Elbe
35054	Lauenstein
9123	Lauf a.d.Pegnitz
6093	Laufach
8682	Laufen Salzach
7133	Lauffen a.Neckar
9072	Lauingen Donau
7392	Laupheim
36702	Lauscha
35693	Lauschuetz
35722	Lauta
6641	Lauterbach Hess.
6382	Lauterecken
9186	Lauterhofen Oberpf.
7332	Lauterstein
6254	Lautertal Odenw.
8394	Lautrach
6881	Lebach
6888	Lebach-Steinbach
33604	Lebus
35364	Lebusa
4662	Leck
33052	Leegebruch
491	Leer Ostfriesl
4552	Leezen
8330	Legau
2566	Legden
36653	Lehesten (Thueringerw.)
3382	Lehnin
9820	Lehrberg
5308	Lehre
5301	Lehre-Essenrode
5309	Lehre-Wendhausen
5132	Lehrte
5175	Lehrte-Arpke
9427	Leiblfing
2175	Leichlingen
6559	Leidenborn
6397	Leimen Pfalz
9120	Leinburg
3605	Leinefelde
7175	Leinzell
341	Leipzig
34321	Leisnig
39241	Leitzkau
5447	Lembruch
5443	Lemfoerde
5261	Lemgo
5266	Lemgo-Kirchheide
5883	Lemgow
5344	Lengede
37367	Lengefeld (Erzgeb.)
37606	Lengenfeld (Vogtl.)
36027	Lengenfeld Unterm Stein
5904	Lengerich Emsl
5481	Lengerich Westf.
8042	Lenggries
8045	Lenggries-Fall
2721	Lennestadt
2725	Lennestadt-Oedingen
7026	Lenningen
4363	Lensahn
8456	Lenting
38792	Lenzen (Elbe)
7653	Lenzkirch
7152	Leonberg Wuertt.
5208	Leopoldshoehe
33475	Letschin
39088	Letzlingen
9659	Leuchtenberg
6473	Leun
38754	Leussow
36734	Leutenberg
9823	Leutershausen
7561	Leutkirch i.Allgaeu
7567	Leutkirch-Friesenhofen
214	Leverkusen
2171	Leverkusen-Opladen
6404	Lich Hess.
6004	Lich-Eberstadt
36701	Lichte
7227	Lichtenau Baden
9827	Lichtenau Mittelfr.
5295	Lichtenau Westf.
5292	Lichtenau-Atteln
5647	Lichtenau-Kleinenberg
37323	Lichtenberg
9571	Lichtenfels Bay.
5636	Lichtenfels-Goddelsheim
9576	Lichtenfels-Isling
6454	Lichtenfels-Sachsenberg
37204	Lichtenstein
7129	Lichtenstein Wuertt.
5676	Liebenau Hess.
5023	Liebenau Kr.Nienburg
5346	Liebenburg
33054	Liebenwalde
33671	Lieberose
34297	Liebertwolkwitz
35025	Liebstadt
5483	Lienen
5484	Lienen-Kattenvenne
33362	Liepe
39721	Liepen
33470	Lietzen
4298	Lilienthal
6287	Limbach Baden
3722	Limbach-Oberfrohna
6431	Limburg a.d.Lahn
39246	Lindau (Anh.)
8382	Lindau Bodensee
5556	Lindau Harz
6403	Linden Hess.
8381	Lindenberg i.Allgaeu
6255	Lindenfels
5957	Lindern Oldb.
5725	Lindhorst b.Stadthagen
2266	Lindlar
33933	Lindow (Mark)
39084	Lindstedt
591	Lingen (Ems)
7247	Linkenheim-Hochstetten
2462	Linnich
5027	Linsburg
33927	Linum
2644	Linz a.Rhein
2923	Lippetal-Herzfeld
2527	Lippetal-Lippborg
2941	Lippstadt
2945	Lippstadt-Benninghausen
2948	Lippstadt-Rebbeke
9549	Lisberg
4652	List
9505	Litzendorf
3585	Loebau
36651	Lobenstein
34208	Loebnitz
39245	Loburg
39754	Loecknitz
39265	Loederburg
2605	Loef
7654	Loeffingen
8637	Lohkirchen
2246	Lohmar
5732	Loehne
4442	Lohne Oldb.
9352	Lohr a.Main
35724	Lohsa
39208	Loitsche
39998	Loitz
6406	Lollar
35241	Lommatzsch
5432	Loeningen
7336	Lonsee
4358	Loose b.Eckernfoerde
6726	Lorch Rheingau
7172	Lorch Wuertt.
7621	Loerrach
5954	Lorup
6872	Losheim Saar
7446	Lossburg
33094	Loewenberg
7130	Loewenstein Wuertt.
4744	Loxstedt
4740	Loxstedt-Dedesdorf
4703	Loxstedt-Donnern
5741	Luebbecke
3546	Luebben
3542	Luebbenau
451	Luebeck
4502	Luebeck-Travemuende
3867	Luebstorf
38855	Luebtheen
38731	Luebz
5841	Luechow Niedersachs
34492	Lucka
3544	Luckau
3371	Luckenwalde
39391	Lueckstedt
2351	Luedenscheid
39361	Luederitz
33365	Luedersdorf
38821	Luedersdorf (Meckl.)
38227	Luedershagen
2591	Luedinghausen
6670	Ludwigsau Hess.
7141	Ludwigsburg Wuertt.
3378	Ludwigsfelde
3874	Ludwigslust
9263	Ludwigsstadt
37295	Lugau (Erzgeb.)
5283	Luegde-Rischenau
9607	Luhe-Wildenau
36257	Luisenthal
4882	Lunden
4131	Lueneburg
2306	Luenen
5906	Luenne
37383	Lunzenau
3475	Lutherstadt Eisleben
4381	Luetjenburg
38842	Luettenmark
5383	Lutter a.Barenberge
34325	Luettewitz
34444	Luetzen
2677	Lutzerath
38874	Luetzow
39888	Lychen
36454	Magdala
391	Magdeburg
3379	Mahlow
39032	Mahlsdorf
9639	Maehring
8751	Mainburg
7903	Mainhardt
9229	Mainleus
6131	Mainz
6134	Mainz-Kastel
3994	Malchin
39932	Malchow
4523	Malente
38824	Mallentin
8772	Mallersdorf-Pfaffenberg
38750	Malliss
7246	Malsch
7204	Malsch-Voelkersbach
8145	Mammendorf
9955	Mamming
8459	Manching
6804	Mandelbachtal
6803	Mandelbachtal-Ommersheim
6572	Manderscheid Eifel
621	Mannheim
34782	Mansfeld (Suedharz)
7144	Marbach a.Neckar
6421	Marburg
7665	March Breisgau
9906	Mariaposching
3735	Marienberg
4934	Marienhafe
2264	Marienheide
5276	Marienmuenster
33080	Marienthal
7544	Markdorf
7145	Markgroeningen
33765	Maerkisch-Buchholz
37422	Markneukirchen
34205	Markranstaedt
36925	Marksuhl
9146	Markt Berolzheim
9326	Markt Einersheim
9106	Markt Erlbach
8136	Markt Indersdorf
8392	Markt Rettenbach
8121	Markt Schwaben
9332	Marktbreit
9391	Marktheidenfeld
8678	Marktl
9255	Marktleugast
8342	Marktoberdorf
9087	Marktoffingen
9231	Marktredwitz
8650	Marktschellenberg
9574	Marktzeuln
2365	Marl
38221	Marlow
4851	Marne
38729	Marnitz
9532	Maroldsweisach
6853	Marpingen
2992	Marsberg
2991	Marsberg-Bredelar
2993	Marsberg-Canstein
2994	Marsberg-Westheim
4176	Marschacht
38321	Martensdorf
4255	Martfeld
6754	Martinstein
4185	Marxen Auetal
9007	Marxheim
7248	Marxzell
33747	Marzahna
36870	Masserberg
8724	Massing
9735	Massbach
8764	Mauern Kr.Freising
7043	Maulbronn
8557	Mauth
6237	Maxdorf
2651	Mayen
2443	Mechernich
2484	Mechernich-Eiserfey
2256	Mechernich-Satzvey
2225	Meckenheim Rheinl.
6226	Meckesheim
2982	Medebach
4605	Medelby
39728	Medow
9566	Meeder
3764	Meerane
2132	Meerbusch-Buederich
2150	Meerbusch-Lank
2159	Meerbusch-Osterath
7532	Meersburg
37431	Mehltheuer (Vogtl.)
5304	Meine
3721	Meinersdorf
5372	Meinersen
2354	Meinerzhagen
2358	Meinerzhagen-Valbert
3693	Meiningen
6753	Meisenheim
3521	Meissen
5657	Meissner
8271	Meitingen
4832	Meldorf
5422	Melle
5427	Melle-Buer
5428	Melle-Neuenkirchen
5429	Melle-Wellingholzhausen
38781	Mellen
36453	Mellingen
9776	Mellrichstadt
5661	Melsungen
8331	Memmingen
2373	Menden Sauerl
2379	Menden-Asbeck
2652	Mendig
7572	Mengen Wuertt.
6476	Mengerskirchen
8733	Mengkofen
5437	Menslage
36029	Menteroda
33082	Menz
5931	Meppen
5966	Meppen-Apeldorn
36969	Merkers
3461	Merseburg
9006	Mertingen
5466	Merzen
6861	Merzig
6869	Merzig-Silwingen
291	Meschede
2903	Meschede-Freienohl
38351	Mesekenhagen
6159	Messel
38727	Mestlin
39083	Messdorf
7575	Messkirch
7436	Messstetten-Oberdigisheim
2556	Metelen
39994	Metschow
6522	Mettendorf
5452	Mettingen Westf.
6864	Mettlach
6865	Mettlach-Orscholz
6868	Mettlach-Tuensdorf
2104	Mettmann
7123	Metzingen Wuertt.
3448	Meuselwitz
33968	Meyenburg (Prign.)
9467	Michelsneukirchen
6061	Michelstadt
6066	Michelstadt-Vielbrunn
33205	Michendorf
8204	Mickhausen
8025	Miesbach
39082	Mieste
39006	Miesterhorst
36924	Mihla
39886	Milmersdorf
9944	Miltach
9371	Miltenberg
38328	Miltzow
8261	Mindelheim
571	Minden Westf.
9406	Mintraching
39833	Mirow
8320	Missen-Wilhams
9279	Mistelgau
9206	Mistelgau-Obernsees
38453	Mistorf
8262	Mittelneufnach
8823	Mittenwald
33764	Mittenwalde (Mark)
9961	Mitterfels
9633	Mitterteich
3727	Mittweida
9266	Mitwitz
39221	Moeckern
6298	Moeckmuehl
34244	Mockrehna
6167	Modautal
2841	Moers
7174	Moegglingen
2924	Moehnesee
35209	Mohorn
4646	Mohrkirch
38297	Moitin
4475	Molbergen
4479	Molbergen-Peheim
39928	Moellenhagen
4542	Moelln Lauenb.
2747	Molzhain
6029	Moembris
6138	Mommenheim
2161	Moenchengladbach
2166	Moenchengladbach-Rheydt
9088	Moenchsdeggingen
9091	Monheim Schwab.
39774	Moenkebude
2472	Monschau
6243	Monsheim
7044	Moensheim
2602	Montabaur
8146	Moorenweis
4954	Moormerland
4924	Moormerland-Oldersum
9938	Moos Niederbay.
9656	Moosbach b.Vohenstrauss
8761	Moosburg a.d.Isar
8123	Moosinning
6533	Morbach Hunsrueck
6105	Moerfelden-Walldorf
39329	Moeringen
5554	Moringen
5555	Moringen-Fredelsloh
35207	Moritzburg
6209	Moerlenbach
2294	Morsbach Sieg
5664	Morschen
6261	Mosbach Baden
37604	Mosel
39222	Moeser
7473	Moessingen
9748	Motten
9083	Moettingen
2245	Much
34632	Muecheln (Geiseltal)
35893	Muecka
6400	Muecke
6284	Mudau
5375	Mueden Aller
34362	Muegeln
7041	Muehlacker
34922	Muehlanger
35342	Muehlberg (Elbe)
8631	Muehldorf a.Inn
38871	Muehlen Eichsen
33056	Muehlenbeck
3601	Muehlhausen
9548	Muehlhausen Mittelfr.
9185	Muehlhausen Oberpf.
7463	Muehlheim a.d.Donau
6108	Muehlheim a.Main
7775	Muehlingen
36645	Muehltroff
37320	Mulda
7938	Mulfingen Jagst
208	Muelheim a.d.Ruhr
6534	Muelheim Mosel
2630	Muelheim-Kaerlich
7631	Muellheim Baden
33606	Muellrose
37601	Muelsen St.Jacob
9251	Muenchberg
33432	Muencheberg
33760	Muenchehofe
89	Muenchen
36604	Muenchenbernsdorf
8402	Muenchsmuenster
9166	Muenchsteinach
6395	Muenchweiler a.d.Rodalb
5541	Muenden Niedersachs
5545	Muenden-Hedemuenden
2680	Muendersbach
9733	Muennerstadt
8177	Muensing Starnberger See
7381	Muensingen
7383	Muensingen-Buttenhausen
251	Muenster
5192	Munster
2536	Muenster-Albachten
2501	Muenster-Hiltrup
2533	Muenster-Nienberge
2534	Muenster-Roxel
2506	Muenster-Wolbeck
7636	Muenstertal Schwarzw.
7763	Murg
8841	Murnau a.Staffelsee
7192	Murrhardt
4546	Mustin
6234	Mutterstadt
34385	Mutzschen
9433	Nabburg
9236	Nagel
7452	Nagold
7459	Nagold-Hochdorf
4535	Nahe
5855	Nahrendorf
9282	Naila
6857	Namborn
8756	Nandlstadt
34346	Narsdorf
2604	Nassau Lahn
8424	Nassenfels
33051	Nassenheide
6772	Nastaetten
3321	Nauen
34603	Nauendorf
3445	Naumburg
5625	Naumburg
34293	Naunhof
2601	Nauort
34461	Nebra
39740	Nechlin
6223	Neckargemuend
6263	Neckargerach
6229	Neckarsteinach
7132	Neckarsulm
7127	Neckartenzlingen
4238	Neddenaverbergen
39243	Nedlitz
7340	Neenstetten
5850	Neetze
2932	Neheim-Huesten
7337	Nellingen Alb
33878	Nennhausen
9147	Nennslingen
6627	Nentershausen Hess.
6485	Nentershausen Westerw.
34382	Nerchau
7326	Neresheim
7308	Nersingen
35933	Neschwitz
8361	Nesselwang
2738	Netphen
2737	Netphen-Deuz
2486	Nettersheim
2440	Nettersheim-Tondorf
2157	Nettetal-Kaldenkirchen
2153	Nettetal-Lobberich
5853	Neu Darchau
35473	Neu Luebbenau
4168	Neu Wulmstorf-Elstorf
6102	Neu-Isenburg
9638	Neualbenreuth
4966	Neuboerger
395	Neubrandenburg
38294	Neubukow
38426	Neuburg
8431	Neuburg a.d.Donau
8283	Neuburg a.d.Kammel
8507	Neuburg a.Inn
6264	Neudenau
36202	Neudietendorf
9203	Neudrossenfeld
7082	Neuenbuerg Wuertt.
9874	Neuendettelsau
3342	Neuenhagen
5941	Neuenhaus Dinkel
36928	Neuenhof
4245	Neuenkirchen b.Bassum
5465	Neuenkirchen b.Bramsche
4837	Neuenkirchen Dithm.
5195	Neuenkirchen Kr.Soltau
5973	Neuenkirchen Kr.Steinfurt
5493	Neuenkirchen Oldb.
5495	Neuenkirchen-Voerden
9227	Neuenmarkt
2394	Neuenrade-Affeln
7139	Neuenstadt a.Kocher
6677	Neuenstein Hess.
7942	Neuenstein Wuertt.
6693	Neuental
6564	Neuerburg Eifel
8165	Neufahrn b.Freising
8773	Neufahrn Niederbay.
7025	Neuffen
3586	Neugersdorf (Sachs.)
33081	Neuglobsow
33476	Neuhardenberg
4974	Neuharlingersiel
38841	Neuhaus (Elbe)
9156	Neuhaus a.d.Pegnitz
8503	Neuhaus a.Inn
3679	Neuhaus a.Rennweg
4752	Neuhaus Oste
36764	Neuhaus-Schierschnitz
2620	Neuhaeusel Westerw.
37361	Neuhausen (Erzgeb.)
7158	Neuhausen Auf Den Fildern
7467	Neuhausen Ob Eck
6655	Neuhof Kr.Fulda
6669	Neuhof-Hauswurz
6236	Neuhofen Pfalz
39956	Neukalen
34342	Neukieritzsch
35951	Neukirch (Lausitz)
7528	Neukirch b.Tettnang
39396	Neukirchen
9947	Neukirchen b.Hl Blut
4664	Neukirchen b.Niebuell
9663	Neukirchen b.Sulzbach
6694	Neukirchen Knuell
9465	Neukirchen-Balbini
2845	Neukirchen-Vluyn
38422	Neukloster
4968	Neulehe
33452	Neulewin
7237	Neulingen
6507	Neumagen-Dhron
37600	Neumark(Sachs.)
9181	Neumarkt Oberpf.
8639	Neumarkt-St.Veit
4321	Neumuenster
9672	Neunburg Vorm Wald
9439	Neunburg-Kemnath
9134	Neunkirchen a.Brand
6821	Neunkirchen Saar
2735	Neunkirchen Siegerl.
2247	Neunkirchen-Seelscheid
8583	Neureichenau
7807	Neuried Ortenaukreis
3391	Neuruppin
35872	Neusalza-Spremberg
9234	Neusorg
2131	Neuss
2137	Neuss-Norf
33970	Neustadt (Dosse)
36481	Neustadt (Orla)
9161	Neustadt a.d.Aisch
9445	Neustadt a.d.Donau
9602	Neustadt a.d.Waldnaab
6321	Neustadt a.d.Weinstrasse
9648	Neustadt a.Kulm
5032	Neustadt a.Ruebenberge
9568	Neustadt b.Coburg
6692	Neustadt Hess.
4561	Neustadt i.Holst.
3596	Neustadt(Sachs.)
5073	Neustadt-Esperke
38757	Neustadt-Glewe
5034	Neustadt-Hagen
6327	Neustadt-Lachen
5072	Neustadt-Mandelsloh
5036	Neustadt-Schneeren
3981	Neustrelitz
9401	Neutraubling
33474	Neutrebbin
39401	Neuwegersleben
7055	Neuweiler Kr.Calw
2631	Neuwied
33652	Neuzelle
6043	Nidda
2427	Nideggen
2425	Nideggen-Embken
2474	Nideggen-Schmidt
4661	Niebuell
35827	Nieder Seifersdorf
6136	Nieder-Olm
6625	Niederaula
37325	Niederbobritzsch
6787	Niederbrombach
7728	Niedereschach
33741	Niedergoersdorf
2208	Niederkassel
6363	Niederkirchen
39204	Niederndodeleben
6127	Niedernhausen Taunus
35842	Niederoderwitz
36076	Niederorschel
36607	Niederpoellnitz
6082	Niederreifenberg
7932	Niederstetten Wuertt.
2428	Niederzier
7233	Niefern-oeschelbronn
5274	Nieheim
5238	Nieheim-Himmighausen
34604	Niemberg
33843	Niemegk
34721	Nienburg
5021	Nienburg Weser
3588	Niesky
9436	Nittenau
9404	Nittendorf
33877	Nitzahn
34496	Noebdenitz
6852	Nohfelden
2696	Nohn Eifel
6873	Nonnweiler
6875	Nonnweiler-Primstal
4931	Norden
8273	Nordendorf
4731	Nordenham
4932	Norderney
9267	Nordhalben
4804	Nordhastedt
3631	Nordhausen
9779	Nordheim Vd.Rhoen
4741	Nordholz b.Bremerhaven
5921	Nordhorn
2596	Nordkirchen
4758	Nordleda
9081	Noerdlingen
7838	Nordrach
5069	Nordstemmen
4842	Nordstrand
2573	Nordwalde
5503	Noerten-Hardenberg
5551	Northeim
4392	Nortorf b.Neumuenster
5436	Nortrup
2426	Noervenich
35242	Nossen
39995	Nossendorf
39927	Nossentiner Huette
2502	Nottuln
2509	Nottuln-Appelhuelsen
2293	Nuembrecht
911	Nuernberg
7022	Nuertingen
4543	Nusse
6364	Nussbach Pfalz
6728	Ober-Hilbersheim
6002	Ober-Moerlen
6154	Ober-Ramstadt
8822	Oberammergau
8824	Oberau Loisach
8033	Oberaudorf
6628	Oberaula
9529	Oberaurach
9749	Oberbach Unterfr.
7706	Oberbaldingen
35875	Obercunnersdorf
9845	Oberdachstetten
7045	Oberderdingen
7258	Oberderdingen-Flehingen
8404	Oberdolling
9774	Oberelsbach
8372	Oberguenzburg
9503	Oberhaid Oberfr.
7837	Oberharmersbach
208	Oberhausen Rheinl.
36842	Oberhof (Thuer.)
6567	Oberkail
7802	Oberkirch Baden
7364	Oberkochen
9286	Oberkotzau
37208	Oberlichtenau
7375	Obermarchtal
36949	Obermassfeld
6022	Obernburg a.Main
36465	Oberndorf
7423	Oberndorf a.Neckar
4772	Oberndorf Oste
8630	Oberneukirchen
5724	Obernkirchen
8591	Obernzell
9844	Obernzenn
9937	Oberpoering
7602	Oberried Breisgau
7977	Oberrot b.Gaildorf
9167	Oberscheinfeld
9426	Oberschneiding
8847	Obersoechering
7973	Obersontheim
8386	Oberstaufen
8325	Oberstaufen-Thalkirchdorf
8322	Oberstdorf
7546	Oberteuringen
6854	Oberthal Saar
9736	Oberthulba
9245	Obertrubach
6171	Oberursel Taunus
9671	Oberviechtach
9677	Oberviechtach-Pullenried
6527	Oberweis
36705	Oberweissbach
6744	Oberwesel
5574	Oberweser
37348	Oberwiesenthal
8624	Obing
9331	Ochsenfurt
7352	Ochsenhausen
2625	Ochtendung
2553	Ochtrup
4674	Ockholm
8134	Odelzhausen
33369	Oderberg
6755	Odernheim a.Glan
4756	Odisheim
39002	Oebisfelde
37292	Oederan
33742	Oehna
2522	Oelde
2529	Oelde-Stromberg
37298	Oelsnitz (Erzgeb.)
37421	Oelsnitz (Vogtl.)
34347	Oelzschau
36940	Oepfershausen
2368	Oer-Erkenschwick
5202	Oerlinghausen
3967	Oertzenhof
6723	Oestrich-Winkel
9082	Oettingen
5805	Oetzen
6348	Offenbach a.d.Queich
781	Offenburg
9158	Offenhausen Mittelfr.
8224	Offingen Donau
7735	Oehningen
3624	Ohrdruf
7941	Oehringen
7948	Oehringen-Ohrnberg
37360	Olbernhau
8142	Olching
4361	Oldenburg i.Holst.
441	Oldenburg Oldb.
4864	Oldenswort
4683	Oldsum
2595	Olfen
2761	Olpe Biggesee
2962	Olsberg
6308	Olsbruecken
6552	Olzheim
7804	Oppenau
6133	Oppenheim
34904	Oranienbaum
3301	Oranienburg
36423	Orlamuende
6046	Ortenberg Hess.
8542	Ortenburg
35755	Ortrand
6535	Osann-Monzel
3435	Oschatz
3949	Oschersleben
541	Osnabrueck
2532	Ostbevern
4776	Osten-Altendorf
4845	Ostenfeld b.Husum
4847	Oster-Ohrstedt
3937	Osterburg
5473	Ostercappeln
5476	Ostercappeln-Venne
34422	Osterfeld
4865	Osterhever
9932	Osterhofen
8547	Osterhofen-Gergweis
4791	Osterholz-Scharmbeck
34973	Osternienburg
5522	Osterode a.Harz
39421	Osterwieck
9777	Ostheim Vd.Rhoen
6242	Osthofen
7585	Ostrach
36378	Ostramondra
34600	Ostrau
34324	Ostrau (Sachs.)
7259	Oestringen-Odenheim
35823	Ostritz
35792	Ossling
36462	Ossmannstedt
36426	Ottendorf
35205	Ottendorf-Okrilla
5286	Ottenstein Niedersachs
6301	Otterbach Pfalz
4751	Otterndorf
4205	Ottersberg
4293	Ottersberg-Fischerhude
4297	Ottersberg-Posthausen
8332	Ottobeuren
6639	Ottrau
6824	Ottweiler
6858	Ottweiler-Fuerth
4483	Ovelgoenne-Grossenmeer
4480	Ovelgoenne-Strueckhausen
2206	Overath
4336	Owschlag
8366	Oy-Mittelberg
35844	Oybin,kurort
4207	Oyten
39428	Pabstorf
5251	Paderborn
5293	Paderborn-Dahl
5254	Paderborn-Schloss Neuhaus
8808	Paehl
4803	Pahlen
9499	Painten
8629	Palling
6583	Palzem
35796	Panschwitz-Kuckau
4961	Papenburg
4962	Papenburg-Aschendorf
9143	Pappenheim Mittelfr.
39345	Parchen
3871	Parchim
39349	Parey (Elbe)
5368	Parsau
9492	Parsberg
3973	Pasewalk
851	Passau
33336	Passow
5101	Pattensen
33237	Paulinenaue
37432	Pausa
33231	Pausin
33838	Paewesin
35775	Pechern
9241	Pegnitz
9246	Pegnitz-Trockau
5171	Peine
8803	Peissenberg
35601	Peitz
4844	Pellworm
37381	Penig
39751	Penkun
5028	Pennigsehl
8856	Penzberg
3962	Penzlin
6867	Perl
6866	Perl-Nennig
3876	Perleberg
8555	Perlesreut
5707	Petershagen
5704	Petershagen-Friedewalde
5768	Petershagen-Heimsen
5702	Petershagen-Lahde
5705	Petershagen-Windheim
8137	Petershausen
33745	Petkus
8686	Petting
33672	Pfaffendorf
8265	Pfaffenhausen Schwab.
8441	Pfaffenhofen a.d.Ilm
7302	Pfaffenhofen a.d.Roth
8076	Pfaffing a.d.Attel
6746	Pfalzfeld
7445	Pfalzgrafenweiler
8561	Pfarrkirchen Niederbay.
9535	Pfarrweisach
9481	Pfatter
7949	Pfedelbach-Untersteinbach
8782	Pfeffenhausen
7240	Pfinztal
8403	Pfoerring
8346	Pforzen
7231	Pforzheim
9606	Pfreimd
7388	Pfronstetten
8363	Pfronten
7552	Pfullendorf
6157	Pfungstadt
7256	Philippsburg
8550	Philippsreut
6620	Philippsthal Werra
38751	Picher
9409	Pielenhofen
9953	Pilsting
4101	Pinneberg
33335	Pinnow
6331	Pirmasens
3501	Pirna
38455	Plaaz
9204	Plankenfels
3861	Plate
9931	Plattling
38735	Plau
36207	Plaue
3741	Plauen
9144	Pleinfeld
8635	Pleiskirchen
2391	Plettenberg
9654	Pleystein
7153	Plochingen
4522	Ploen
9636	Ploessberg
6588	Pluwig
8531	Pocking
8538	Pocking-Hartkirchen
33601	Podelzig
2654	Polch
5535	Polle
9093	Polsingen
9154	Pommelsbrunn
35939	Pommritz
9725	Poppenhausen Unterfr.
6658	Poppenhausen Wasserkuppe
8446	Poernbach
5706	Porta Westfalica
38307	Poseritz
9188	Postbauer-Heng
3647	Poessneck
331	Potsdam
9243	Pottenstein
4342	Preetz
3386	Premnitz
3984	Prenzlau
38233	Prerow, Ostseebad
9644	Pressath
9222	Presseck
9265	Pressig
35386	Prettin
39037	Pretzier
34926	Pretzsch
35058	Pretzschendorf
5742	Preussisch Oldendorf
5776	Preussisch Stroehen
34722	Preusslitz
39923	Priborn
8051	Prien a.Chiemsee
33768	Prieros
35327	Priessen
35937	Prischwitz
33834	Pritzerbe
38856	Pritzier
3395	Pritzwalk
36735	Probstzella
39242	Proedel
38323	Prohn
6556	Pronsfeld
9386	Prosselsheim
33436	Proetzel
6551	Pruem
2684	Puderbach Westerw.
2238	Pulheim
35955	Pulsnitz
8196	Puergen
38301	Putbus
33981	Putlitz
9180	Pyrbaum
5431	Quakenbrueck
3946	Quedlinburg
34977	Quellendorf
34771	Querfurt
4106	Quickborn Kr.Pinneberg
33848	Raben
3860	Raben Steinfeld
6407	Rabenau
34294	Rackwitz
4178	Radbruch
5765	Raddestorf
3528	Radeberg
35208	Radeburg
34978	Radegast
2195	Radevormwald
7732	Radolfzell a.Bodensee
38722	Raduhn
2865	Raesfeld
33924	Raegelin
34906	Raguhn
5771	Rahden Westf.
9002	Rain Lech
9429	Rain Niederbay.
4307	Raisdorf
38331	Rakow
6585	Ralingen
8657	Ramsau b.Berchtesgaden
33708	Rangsdorf
2623	Ransbach-Baumbach
4848	Rantrum
6651	Rasdorf
7222	Rastatt
5956	Rastdorf
4402	Rastede
36377	Rastenberg
3868	Rastow
4504	Ratekau
3385	Rathenow
2102	Ratingen
4541	Ratzeburg
39057	Raetzlingen
5804	Raetzlingen
8035	Raubling
6425	Rauschenberg Hess.
751	Ravensburg
6297	Ravenstein Baden
37327	Rechenberg-Bienenmuehle
39823	Rechlin
5453	Recke
2257	Reckerscheid
2361	Recklinghausen
38854	Redefin
39341	Redekin
2851	Rees
2850	Rees-Haldern
2857	Rees-Mehr
38782	Reetz
9921	Regen
941	Regensburg
9402	Regenstauf
34343	Regis-Breitingen
9294	Regnitzlosau
9283	Rehau
5766	Rehburg-Loccum
5446	Rehden
4876	Reher Holst.
33435	Rehfelde
6833	Rehlingen-Siersburg
38872	Rehna
6164	Reichelsheim Odenw.
6035	Reichelsheim Wetterau
7534	Reichenau Baden
35828	Reichenbach (Ol.)
3765	Reichenbach (Vogtl.)
6385	Reichenbach-Steegen
33437	Reichenberg
36946	Reichenhausen
8453	Reichertshofen Oberbay.
2296	Reichshof-Bruechermuehle
2265	Reichshof-Eckenhagen
4533	Reinfeld Holstein
5544	Reinhardshagen
6162	Reinheim Odenw.
36085	Reinholterode
37324	Reinsberg
36422	Reinstaedt
8734	Reisbach Niederbay.
8670	Reischach Kr.Altoetting
8640	Reit Im Winkl
37364	Reitzenhain
2864	Reken
2642	Remagen
2228	Remagen-Rolandseck
36744	Remda
36640	Remptendorf
2191	Remscheid
7146	Remseck a.Neckar
7843	Renchen
4331	Rendsburg
2634	Rengsdorf
2664	Rennerod
8434	Rennertshofen
7159	Renningen
36944	Rentwertshausen
38296	Rerik, Ostseebad
5165	Rethem Aller
8327	Rettenberg
34424	Reuden
37435	Reuth
7121	Reutlingen
4285	Rhade b.Zeven
4952	Rhauderfehn
4967	Rhauderfehn-Burlage
6544	Rhaunen
5242	Rheda-Wiedenbrueck
4964	Rhede Ems
2872	Rhede Westf.
7844	Rheinau
2226	Rheinbach
2843	Rheinberg
2844	Rheinberg-Orsoy
6764	Rheinboellen
2635	Rheinbrohl
5971	Rheine
5975	Rheine-Mesum
7623	Rheinfelden Baden
33931	Rheinsberg
7242	Rheinstetten
2628	Rhens
33875	Rhinow
5529	Rhumspringe
3821	Ribnitz-Damgarten
38322	Richtenberg
7765	Rickenbach Hotzenw
4328	Rickling
9526	Riedbach
4294	Riede Kr.Verden
9442	Riedenburg
7371	Riedlingen Wuertt.
6158	Riedstadt
9354	Rieneck
3525	Riesa
4355	Rieseby
5244	Rietberg
2944	Rietberg-Mastholte
35772	Rietschen
35477	Rietzneuendorf
9365	Rimpar
39881	Ringenwalde
5659	Ringgau
4708	Ringstedt
5751	Rinteln
4292	Ritterhude
37757	Rittersgruen
39931	Roebel
34774	Roeblingen a.See
39328	Rochau
3737	Rochlitz
6361	Rockenhausen
9564	Rodach
9563	Roedental
6074	Roedermark
6524	Rodershausen
5074	Rodewald
6106	Rodgau
9461	Roding
9469	Roding-Neubaeu
5746	Roedinghausen
2471	Roetgen Eifel
33832	Rogaesen
7300	Roggenburg
38876	Roggendorf
36844	Rohr
9876	Rohr Mittelfr.
8783	Rohr Niederbay.
8032	Rohrdorf Kr.Rosenheim
8139	Roehrmoos
8582	Roehrnbach
5024	Rohrsen Kr.Nienburg
34954	Roitzsch
38325	Rolofshagen
7382	Roemerstein
36948	Roemhild
2183	Rommerskirchen
6636	Romrod
39392	Roennebeck
36602	Ronneburg
5109	Ronnenberg
8306	Ronsberg
6003	Rosbach Vd.Hoehe
6007	Rosbach-Rodheim
5803	Rosche
5509	Rosdorf
4158	Roseburg
6295	Rosenberg Baden
2545	Rosendahl-Darfeld
2547	Rosendahl-Osterwick
7428	Rosenfeld
4108	Rosengarten Kr.Harburg
8031	Rosenheim Oberbay.
35033	Rosenthal
6458	Rosenthal Hess.
34498	Rositz
9238	Roeslau
2205	Roesrath
381	Rostock
36968	Rossdorf
8367	Rosshaupten Forggensee
34651	Rossla
34901	Rosslau
34672	Rossleben
9127	Rosstal
34322	Rosswein
7958	Rot Am See-Brettheim
6623	Rotenburg a.d.Fulda
4261	Rotenburg Wuemme
9171	Roth Mittelfr.
34206	Roetha
39772	Rothemuehl
8384	Roethenbach Allgaeu
6275	Rothenberg Odenw.
35891	Rothenburg (Ol.)
9861	Rothenburg Ob Der Tauber
9393	Rothenfels Unterfr.
37462	Rothenkirchen (Vogtl.)
39744	Rothenklempenow
34776	Rothenschirmbach
9723	Roethlein
8039	Rott a.Inn
36739	Rottenbach
8867	Rottenbuch Oberbay.
8781	Rottenburg a.d.Laaber
7472	Rottenburg a.Neckar
7457	Rottenburg-Ergenzingen
8785	Rottenburg-Oberroning
9302	Rottendorf Unterfr.
9738	Rottershausen
8533	Rotthalmuenster
9338	Roettingen Unterfr.
34653	Rottleberode
741	Rottweil
9976	Roetz
37366	Ruebenau
35325	Rueckersdorf
8369	Rueckholz
7183	Rudersberg Wuertt.
33638	Ruedersdorf
8509	Ruderting
6722	Ruedesheim a.Rhein
3672	Rudolstadt
9223	Rugendorf
9828	Ruegland
5367	Ruehen
36929	Ruhla
35752	Ruhland
9929	Ruhmannsfelden
8663	Ruhpolding
7272	Ruelzheim
6482	Runkel
2295	Ruppichteroth
6142	Ruesselsheim
2952	Ruethen
2954	Ruethen-Oestereiden
38223	Saal
9762	Saal a.d.Saale
36647	Saalburg
3671	Saalfeld (Saale)
681	Saarbruecken
6893	Saarbruecken-Ensheim
6581	Saarburg
6831	Saarlouis
6838	Saarwellingen
7147	Sachsenheim Wuertt.
33989	Sadenbeck
2574	Saerbeck
38302	Sagard
7553	Salem Baden
6578	Salmtal
5976	Salzbergen
5341	Salzgitter
5300	Salzgitter-fingen
4172	Salzhausen
5153	Salzhemmendorf
5186	Salzhemmendorf-Wallensen
5258	Salzkotten
34609	Salzmuende
3901	Salzwedel
38306	Samtens
39383	Sandau
9701	Sandberg Unterfr.
4422	Sande Kr.Friesl
34785	Sandersleben
6224	Sandhausen Baden
4702	Sandstedt
3464	Sangerhausen
38209	Sanitz
39722	Sarnow
5066	Sarstedt
4806	Sarzbuettel
2583	Sassenberg
5379	Sassenburg-Grussendorf
5378	Sassenburg-Platendorf
38392	Sassnitz
4492	Saterland
4498	Saterland-Ramsloh
38295	Satow
4633	Satrup
4169	Sauensiek
8104	Sauerlach
7777	Sauldorf
7581	Saulgau
37365	Sayda
4639	Schafflund
34636	Schafstaedt
4805	Schafstedt
36766	Schalkau
2355	Schalksmuehle
7839	Schapbach
4563	Scharbeutz-Haffkrug
4524	Scharbeutz-Poenitz
4136	Scharnebeck
4564	Schashagen
5601	Schauenburg
5546	Scheden
4263	Scheessel
6293	Schefflenz
37349	Scheibenberg
9162	Scheinfeld
7394	Schelklingen
7384	Schelklingen-Huetten
5123	Schellerten
7356	Schemmerhofen
4892	Schenefeld Mittelholst.
6629	Schenklengsfeld
2853	Schermbeck
9542	Schesslitz
5282	Schieder-Schwalenberg
36337	Schiedungen
39455	Schierke
9451	Schierling
4706	Schiffdorf
4749	Schiffdorf-Geestenseth
6235	Schifferstadt
9868	Schillingsfuerst
7836	Schiltach
8259	Schiltberg
39320	Schinne
34204	Schkeuditz
36694	Schkoelen
5335	Schladen
38875	Schlagsdorf
6129	Schlangenbad
8649	Schleching
2445	Schleiden Eifel
2485	Schleiden-Dreiborn
2444	Schleiden-Gemuend
35773	Schleife
3663	Schleiz
35472	Schlepzig
4303	Schlesen
4621	Schleswig
36841	Schleusingen
35361	Schlieben
7635	Schliengen
6642	Schlitz
5207	Schloss Holte-Stukenbrock
36371	Schlossvippach
36021	Schlotheim
7656	Schluchsee
6661	Schluechtern
9555	Schluesselfeld-Aschbach
3683	Schmalkalden
2972	Schmallenberg
2977	Schmallenberg-Boedefeld
2971	Schmallenberg-Dorlar
2974	Schmallenberg-Fredeburg
2975	Schmallenberg-Oberkirchen
6887	Schmelz Saar
9474	Schmidmuehlen
36782	Schmiedefeld
6084	Schmitten Taunus
34491	Schmoelln
39862	Schmoelln
5840	Schnackenburg
8074	Schnaitsee
9153	Schnaittach
3772	Schneeberg (Erzgeb.)
5842	Schnega
39267	Schneidlingen
7950	Schnelldorf Mittelfr.
5193	Schneverdingen
5199	Schneverdingen-Heber
5198	Schneverdingen-Wintermoor
6445	Schoeffengrund
9908	Schoefweg
33879	Schollene
6024	Schoellkrippen
9903	Schoellnach
7427	Schoemberg b.Balingen
7084	Schoemberg b.Neuenbuerg
9775	Schoenau a.d.Brend
7673	Schoenau i.Schwarzw.
8726	Schoenau Niederbay.
6228	Schoenau Odenw.
3968	Schoenbeck
38828	Schoenberg (Meckl.)
4344	Schoenberg Holst.
8554	Schoenberg Niederbay.
35326	Schoenborn
36874	Schoenbrunn
8192	Schondorf a.Ammersee
3928	Schoenebeck (Elbe)
37464	Schoeneck
6187	Schoeneck Hess.
6553	Schoenecken
6373	Schoenenberg-Kuebelberg
39852	Schoenermark
35362	Schoenewalde
35248	Schoenfeld
8861	Schongau
39323	Schoenhausen (Elbe)
37755	Schoenheide (Erzgeb.)
5352	Schoeningen
4348	Schoenkirchen
9674	Schoensee
7943	Schoental Jagst
9978	Schoenthal Oberpf.
9727	Schonungen-Marktsteinach
35474	Schoenwalde
4528	Schoenwalde a.Bungsberg
7622	Schopfheim
7620	Schopfheim-Gersbach
9857	Schopfloch Mittelfr.
6307	Schopp
5332	Schoeppenstedt
2555	Schoeppingen
7181	Schorndorf Wuertt.
6044	Schotten Hess.
7422	Schramberg
6698	Schrecksbach
8252	Schrobenhausen
7935	Schrozberg
7936	Schrozberg-Bartenstein
7939	Schrozberg-Spielbach
5329	Schulenberg i.Oberharz
33083	Schulzendorf
7826	Schuttertal
5923	Schuettorf
3844	Schwaan
9122	Schwabach
6130	Schwabenheim a.d.Selz
8138	Schwabhausen b.Dachau
7171	Schwaebisch Gmuend
791	Schwaebisch Hall
7907	Schwaebisch Hall-Sulzdorf
8232	Schwabmuenchen
8868	Schwabsoien
4884	Schwabstedt
4277	Schwafoerden
7138	Schwaigern
5284	Schwalenberg
6691	Schwalmstadt
2163	Schwalmtal Niederrhein
6638	Schwalmtal-Renzendorf
6630	Schwalmtal-Storndorf
7824	Schwanau
9431	Schwandorf
39424	Schwanebeck
4209	Schwanewede
4296	Schwanewede-Aschwarden
9384	Schwanfeld
9170	Schwanstetten
4258	Schwarme
5071	Schwarmstedt
39827	Schwarz
9962	Schwarzach Niederbay.
3564	Schwarze Pumpe
9284	Schwarzenbach a.d.Saale
9289	Schwarzenbach a.Wald
4151	Schwarzenbek
3774	Schwarzenberg (Erzgeb.)
5686	Schwarzenborn Knuell
9435	Schwarzenfeld
4308	Schwedeneck
3332	Schwedt
6344	Schwegenheim
6502	Schweich
6342	Schweigen-Rechtenbach
9721	Schweinfurt
6429	Schweinsberg Hessen
8444	Schweitenkirchen
2336	Schwelm
7353	Schwendi
7720	Schwenningen a.Neckar
7579	Schwenningen Baden
35797	Schwepnitz
385	Schwerin (Meckl.)
4257	Schweringen
2304	Schwerte
6202	Schwetzingen
8082	Schwindegg
39953	Schwinkendorf
34773	Schwittersdorf
35971	Sebnitz
6292	Seckach
4555	Seedorf b.Bad Segeberg
4545	Seedorf Lauenb.
8364	Seeg
34928	Seegrehna
39863	Seehausen
39386	Seehausen (Altm.)
39407	Seehausen (Boerde)
6257	Seeheim-Jugenheim
7823	Seelbach Schutter
36608	Seelingstaedt
3346	Seelow
5137	Seelze
8667	Seeon-Seebruck
5381	Seesen
5384	Seesen-Gross Rhueden
8801	Seeshaupt
4125	Seestermuehe
4105	Seevetal
7448	Seewald
33978	Segeletz
4357	Sehestedt Eider
5138	Sehnde
37362	Seiffen
33085	Seilershof
35930	Seitschen
9287	Selb
9280	Selbitz Oberfr.
4384	Selent
2456	Selfkant
6182	Seligenstadt
38303	Sellin, Ostseebad
2592	Selm
38823	Selmsdorf
4284	Selsingen
6483	Selters Taunus
2626	Selters Westerw.
38222	Semlow
5336	Semmenstedt
7307	Senden Iller
2597	Senden Westf.
2598	Senden-Ottmarsbocholt
2526	Sendenhorst
2535	Sendenhorst-Albersloh
3573	Senftenberg
33238	Senzke
9569	Sesslach
9567	Sesslach-Gemuenda
9497	Seubersdorf Oberpf.
35387	Seyda
5065	Sibbesse
5305	Sickte
3969	Siedenbollentin
4272	Siedenburg
2778	Siegbach
2241	Siegburg
271	Siegen
9444	Siegenburg
8662	Siegsdorf Kr.Traunstein
4107	Siek Kr.Stormarn
8258	Sielenbach
6788	Sien
4194	Sievershuetten
38724	Siggelkow
7571	Sigmaringen
7570	Sigmaringen-Gutenstein
8571	Simbach a.Inn
9954	Simbach Niederbay.
9155	Simmelsdorf
2473	Simmerath
6761	Simmern Hunsrueck
35695	Simmersdorf
7484	Simmersfeld
9848	Simmershofen
7683	Simonswald
7731	Singen Hohentwiel
6665	Sinntal-Altengronau
6664	Sinntal-Sterbfritz
7261	Sinsheim
7260	Sinsheim-Hilsbach
4282	Sittensen
36730	Sitzendorf
6751	Sobernheim
2921	Soest
2928	Soest-Ostoennen
5952	Soegel
35936	Sohland (Spree)
5129	Soehlde
5608	Soehrewald
212	Solingen
9145	Solnhofen
5191	Soltau
5190	Soltau-Emmingen
5197	Soltau-Frielingen
5874	Soltendieck
3634	Soemmerda
9333	Sommerhausen
3632	Sondershausen
3675	Sonneberg(Thuer.)
9562	Sonnefeld
7128	Sonnenbuehl
35323	Sonnewalde
2838	Sonsbeck
7325	Sontheim a.d.Brenz
8321	Sonthofen
5653	Sontra
4635	Soerup
4264	Sottrum Kr.Rotenburg
7424	Spaichingen
9175	Spalt
5663	Spangenberg
39727	Spantekow
6562	Speicher
9275	Speichersdorf
5977	Spelle
5225	Spenge
33703	Sperenberg
6232	Speyer
8553	Spiegelau
7194	Spiegelberg
4976	Spiekeroog
38726	Spornitz
7176	Spraitbach
5837	Sprakensehl
33633	Spreenhagen
3563	Spremberg
6701	Sprendlingen Rheinhess.
5041	Springe Deister
5045	Springe-Bennigsen
5044	Springe-Eldagsen
2339	Sprockhoevel
5582	St.Andreasberg
7672	St.Blasien
9965	St.Englmar
7724	St.Georgen i.Schwarzw.
6741	St.Goar
6771	St.Goarshausen
6894	St.Ingbert
7122	St.Johann Wuertt.
6387	St.Julian
4858	St.Margarethen Holst.
7669	St.Maergen
4853	St.Michaelisdonn
7660	St.Peter Schwarzw.
4863	St.Peter-Ording
6851	St.Wendel
6856	St.Wendel-Niederkirchen
8085	St.Wolfgang Kr.Erding
33236	Staaken
38207	Staebelow
4141	Stade
4146	Stade-Buetzfleth
9504	Stadelhofen
4732	Stadland-Rodenkirchen
4737	Stadland-Schwei
4734	Stadland-Seefeld
35024	Stadt Wehlen
6428	Stadtallendorf
5721	Stadthagen
3629	Stadtilm
9724	Stadtlauringen
36965	Stadtlengsfeld
2563	Stadtlohn
5532	Stadtoldendorf
36428	Stadtroda
9225	Stadtsteinach
9573	Staffelstein Oberfr.
4875	Stafstedt
3329	Stahnsdorf
9964	Stallwang
9256	Stammbach
8405	Stammham b.Ingolstadt
9466	Stamsried
6357	Standenbuehl
8151	Starnberg
3925	Stassfurt
35268	Stauchitz
7633	Staufen Breisgau
5543	Staufenberg Niedersachs
39608	Staven
39954	Stavenhagen
33874	Stechow
5026	Steimbke
2667	Stein-Neukirch
36762	Steinach
6663	Steinau a.d.Strasse
6660	Steinau-Marjoss
6667	Steinau-Ulmbach
36847	Steinbach-Hallenberg
4632	Steinbergkirche
4534	Steinburg Kr.Stormarn
7627	Steinen Kr.Loerrach
5492	Steinfeld Oldb.
2552	Steinfurt-Borghorst
2551	Steinfurt-Burgsteinfurt
8862	Steingaden Oberbay.
5204	Steinhagen Westf.
36704	Steinheid
7329	Steinheim a.Albuch
5233	Steinheim Westf.
33636	Steinhoefel
8094	Steinhoering
4536	Steinhorst Lauenb.
5148	Steinhorst Niedersachs
4142	Steinkirchen Kr.Stade
33657	Steinsdorf
35384	Steinsdorf
7738	Steisslingen
4174	Stelle Kr.Harburg
5474	Stemwede-Dielingen
5745	Stemwede-Levern
5773	Stemwede-Wehdem
3931	Stendal
33969	Stepenitz
8036	Stephanskirchen Simssee
9935	Stephansposching
3847	Sternberg
4637	Sterup
7573	Stetten a.Kalten Markt
39244	Steutz
5764	Steyerberg
5769	Steyerberg-Voigtei
7771	Stockach
4505	Stockelsdorf-Curau
4506	Stockelsdorf-Krumbeck
6027	Stockstadt a.Main
7964	Stoedtlen
5872	Stoetze
34654	Stolberg (Harz)
2402	Stolberg Rheinl.
2409	Stolberg-Gressenich
37296	Stollberg (Erzgeb.)
33338	Stolpe
35973	Stolpen
5761	Stolzenau
33678	Storkow (Mark)
34445	Stoessen
8349	Stoetten a.Auerberg
36204	Stotternheim
8345	Stoettwang
34929	Straach
2834	Straelen
2839	Straelen-Herongen
3831	Stralsund
39753	Strasburg
39489	Strassberg
9424	Strasskirchen
9421	Straubing
35475	Straupitz
3341	Strausberg
36376	Straussfurt
35264	Strehla
36875	Streufdorf
39427	Stroebeck
6724	Stromberg Hunsrueck
35020	Struppen
36026	Struth
6775	Strueth Taunus
4748	Stubben b.Bremerhaven
39924	Stuer
7744	Stuehlingen
4206	Stuhr-Heiligenrode
33733	Stuelpe
7249	Stutensee
711	Stuttgart
36784	Stuetzerbach
4942	Suedbrookmerland
4641	Suederbrarup
4830	Suederhastedt
4663	Suederluegum
4883	Suederstapel
2862	Suedlohn
9165	Sugenheim
3681	Suhl
5820	Suhlendorf
4537	Suelfeld Holst.
4271	Sulingen
7454	Sulz a.Neckar
7193	Sulzbach a.d.Murr
6028	Sulzbach a.Main
6897	Sulzbach Saar
7976	Sulzbach-Laufen
9661	Sulzbach-Rosenberg
8376	Sulzberg Allgaeu
7634	Sulzburg
9763	Sulzdorf a.d.Lederhecke
8135	Sulzemoos
9480	Suenching
2933	Sundern Sauerl
2393	Sundern-Allendorf
2934	Sundern-Altenhellefeld
2935	Sundern-Hachen
39053	Sueplingen
4965	Surwold
4529	Suesel-Bujendorf
5939	Sustrum
7162	Suessen
4242	Syke
4240	Syke-Heiligenfelde
34742	Sylda
4654	Sylt-Ost
4622	Taarstedt
36259	Tabarz
8622	Tacherting-Peterskirchen
8687	Taching-Tengling
9094	Tagmersheim
7464	Talheim Kr.Tuttlingen
4156	Talkau
36252	Tambach-Dietharz
39007	Tangeln
3935	Tangerhuette
39322	Tangermuende
4109	Tangstedt Bz Hamburg
8572	Tann Niederbay.
6682	Tann Rhoen
36646	Tanna
37465	Tannenbergsthal
9655	Taennesberg
8395	Tannheim Wuertt.
33333	Tantow
9004	Tapfheim
4283	Tarmstedt
38450	Tarnow
4638	Tarp
9341	Tauberbischofsheim
34298	Taucha
33675	Tauche
8084	Taufkirchen Vils
6128	Taunusstein
35240	Tauscha
5482	Tecklenburg
5455	Tecklenburg-Brochterbeck
7629	Tegernau Baden
8022	Tegernsee
34606	Teicha
36743	Teichel
36624	Teichwolframsdorf
8666	Teisendorf
9923	Teisnach
36071	Teistungen
2504	Telgte
4838	Tellingstedt
3328	Teltow
3987	Templin
7736	Tengen
7729	Tennenbronn
35456	Terpt
38205	Tessin
3996	Teterow
9269	Tettau
8534	Tettenweis
7542	Tettnang
34443	Teuchern
4796	Teufelsmoor
33766	Teupitz
9268	Teuschnitz
34601	Teutschenthal
38759	Tewswoos
3947	Thale
6334	Thaleischweiler-Froeschen
6504	Thalfang
9173	Thalmaessing
9453	Thalmassing
8281	Thannhausen Schwab.
35203	Tharandt
4204	Thedinghausen
39223	Theessen
9834	Theilenhofen
36873	Themar
8276	Thierhaupten-Baar
9235	Thierstein
36643	Thimmendorf
5859	Thomasburg
37297	Thum
9360	Thuengen
39975	Thuerkow
9228	Thurnau
8501	Thyrnau
9673	Tiefenbach Oberpf.
7234	Tiefenbronn
7741	Tiengen Hochrhein
4503	Timmendorfer Strand
9631	Tirschenreuth
7651	Titisee-Neustadt
8423	Titting
8504	Tittling
8683	Tittmoning
2463	Titz
4874	Todenbuettel
4558	Todesfelde
7674	Todtmoos
7671	Todtnau
4861	Toenning
33769	Toepchin
9295	Toepen
33202	Toeplitz
5320	Torfhaus
3421	Torgau
3976	Torgelow
39996	Toerpin
4182	Tostedt
6541	Traben-Trarbach
9974	Traitsching
9765	Trappstadt
8669	Traunreut
861	Traunstein
9107	Trautskirchen
33674	Trebatsch
33731	Trebbin
5848	Trebel
33477	Trebnitz
34383	Trebsen
6147	Trebur
36923	Treffurt
4626	Treia
2672	Treis-Karden
5675	Trendelburg
38309	Trent
9142	Treuchtlingen
37468	Treuen
33748	Treuenbrietzen
7722	Triberg i.Schwarzw.
38320	Tribsees
36622	Triebes
9395	Triefenstein
39820	Triepkendorf
651	Trier
8562	Triftern
38225	Trinwillershagen
6306	Trippstadt
36482	Triptis
4154	Trittau
7124	Trochtelfingen Hohenz
7425	Trossingen
8621	Trostberg
6335	Trulben
36840	Trusetal
7071	Tuebingen
39346	Tucheim
8067	Tuntenhausen
8065	Tuntenhausen-Schoenau
8245	Tuerkheim Wertach
8268	Tussenhausen
8633	Tuessling
39999	Tutow
7461	Tuttlingen
8158	Tutzing
5936	Twist
5935	Twist-Schoeninghsdorf
5695	Twistetal
4246	Twistringen-Heiligenloh
6836	Ueberherrn
7551	Ueberlingen Bodensee
8642	Uebersee
5763	Uchte
9720	Uechtelhausen
35454	Uckro
36083	Uder
6596	Uedersdorf
39771	Ueckermuende
2825	Uedem
5942	Uelsen
581	Uelzen
2657	Uersfeld
4122	Uetersen
9369	Uettingen
5173	Uetze
5147	Uetze-Haenigsen
9842	Uffenheim
8846	Uffing a.Staffelsee
7556	Uhldingen-Muehlhofen
7743	Uehlingen
36742	Uhlstaedt
35728	Uhyst
731	Ulm Donau
2676	Ulmen
6645	Ulrichstein
4189	Undeloh
2303	Unna
2308	Unna-Hemmerde
39263	Unseburg
9773	Unsleben
8269	Unteregg b.Mindelheim
36927	Unterellen
8593	Untergriesbach
7975	Untergroeningen
36731	Unterloquitz
5827	Unterluess
9533	Untermerzbach
9367	Unterpleichfeld
7235	Unterreichenbach Kr.Calw
7966	Unterschneidheim
9565	Untersiemau
9554	Untersteinbach Unterfr.
8377	Unterthingau
4956	Uplengen
9628	Ursensollen
9396	Urspringen b.Lohr
38372	Usedom
6081	Usingen
5571	Uslar
5573	Uslar-Volpriehausen
39058	Uthmoeden
7374	Uttenweiler
8806	Utting a.Ammersee
36962	Vacha
7042	Vaihingen a.d.Enz
4451	Varel Jadebusen
4456	Varel-Altjuehrden
4274	Varrel b.Sulingen
8106	Vaterstetten
5302	Vechelde
4441	Vechta
4447	Vechta-Langfoerden
2051	Velbert
2052	Velbert-Langenberg
2053	Velbert-Neviges
9182	Velburg
8742	Velden Vils
2863	Velen
38324	Velgast
38848	Vellahn
5364	Velpke
3304	Velten
38484	Ventschow
4231	Verden Aller
4230	Verden-Walle
7577	Veringenstadt
5246	Verl
5423	Versmold
35433	Vetschau
2645	Vettelschoss
2424	Vettweiss
9942	Viechtach
5324	Vienenburg
39748	Viereck
6204	Viernheim
2162	Viersen
38796	Viesecke
36203	Vieselbach
8194	Vilgertshofen
8296	Villenbach
7721	Villingen i.Schwarzw.
6474	Villmar
8741	Vilsbiburg
9662	Vilseck
8706	Vilsheim
8541	Vilshofen Niederbay.
8549	Vilshofen-Pleinting
8548	Vilshofen-Sandbach
39325	Vinzelberg
4843	Vioel
2656	Virneburg
4445	Visbek Kr.Vechta
4262	Visselhoevede
4260	Visselhoevede-Wittorf
38300	Vitte
5733	Vlotho
5228	Vlotho-Exter
2855	Voerde Niederrhein
8038	Vogtareuth
7662	Vogtsburg i.Kaiserstuhl
8457	Vohburg a.d.Donau
9651	Vohenstrauss
5635	Voehl
7727	Voehrenbach
7306	Voehringen Iller
9381	Volkach
8754	Volkenschwand
38202	Volkenshagen
6898	Voelklingen
6802	Voelklingen-Lauterbach
5693	Volkmarsen
39933	Vollrathsruhe
39402	Voelpke
5467	Voltlage
9205	Vorbach
6398	Vorderweidenthal
2564	Vreden
8021	Waakirchen
8246	Waal Schwab.
5683	Wabern Hess.
2836	Wachtendonk
6053	Waechtersbach
4827	Wacken
5849	Waddeweitz
6871	Wadern
6874	Wadern-Nunkirchen
2523	Wadersloh
2520	Wadersloh-Diestedde
5444	Wagenfeld
5774	Wagenfeld-Stroehen
7254	Waghaeusel
8681	Waging a.See
4554	Wahlstedt
5835	Wahrenholz
7151	Waiblingen
7263	Waibstadt
9652	Waidhaus
9202	Waischenfeld
7578	Wald Hohenz
9463	Wald Oberpf.
6207	Wald-Michelbach
6758	Waldboeckelheim
2638	Waldbreitbach
2291	Waldbroel
6274	Waldbrunn Odenw.
6479	Waldbrunn Westerw.
7529	Waldburg Wuertt.
35455	Walddrehna
5634	Waldeck-Sachsenhausen
6087	Waldems
7157	Waldenbuch
37608	Waldenburg
9464	Walderbach
2455	Waldfeucht
6333	Waldfischbach-Burgalben
34327	Waldheim (Sachs.)
5656	Waldkappel
7681	Waldkirch Breisgau
8581	Waldkirchen Niederbay.
8638	Waldkraiburg
9972	Waldmuenchen
9975	Waldmuenchen-Geigant
6500	Waldrach
9632	Waldsassen
7751	Waldshut
6085	Waldsolms
9657	Waldthurn
39972	Walkendorf
5525	Walkenried
6227	Walldorf Baden
6282	Wallduern
6285	Wallduern-Altheim
6286	Wallduern-Rippberg
34639	Wallendorf
9262	Wallenfels
5407	Wallenhorst
6837	Wallerfangen
9936	Wallerfing
9933	Wallersdorf
6375	Wallhalben
34656	Wallhausen
6706	Wallhausen Nahe
7955	Wallhausen Wuertt.
6435	Wallmerod
39033	Wallstawe
36201	Walschleben
33920	Walsleben
5161	Walsrode
5166	Walsrode-Kirchboitzen
5168	Walsrode-Stellichte
5167	Walsrode-Westenholz
8303	Waltenhofen
8379	Waltenhofen-Oberdorf
3622	Waltershausen
8426	Walting Kr.Eichstaett
2309	Waltrop
7203	Walzbachtal
4606	Wanderup
33397	Wandlitz
5655	Wanfried
4382	Wangels
7522	Wangen i.Allgaeu
7506	Wangen-Leupolz
4463	Wangerland
4425	Wangerland-Hooksiel
4426	Wangerland-Horumersiel
4469	Wangerooge
4326	Wankendorf
4757	Wanna
2325	Wanne-Eickel
39395	Wanzer
39209	Wanzleben
5641	Warburg
5642	Warburg-Scherfede
4407	Wardenburg
3991	Waren
2581	Warendorf
2585	Warendorf-Hoetmar
2584	Warendorf-Milte
38482	Warin
9277	Warmensteinach
5767	Warmsen
2902	Warstein
2925	Warstein-Allagen
8762	Wartenberg Oberbay.
9737	Wartmannsroth
2432	Wassenberg
8071	Wasserburg a.Inn
39451	Wasserleben
9832	Wassertruedingen
36941	Wasungen
5144	Wathlingen
6554	Waxweiler
36256	Wechmar
37384	Wechselburg
4103	Wedel Holst.
5130	Wedemark
4951	Weener
35027	Weesenstein
2837	Weeze
39400	Wefensleben
39061	Weferlingen
2434	Wegberg
2436	Wegberg-Roedgen
39423	Wegeleben
39059	Wegenstedt
39855	Weggun
8592	Wegscheid Niederbay.
7762	Wehr Baden
5658	Wehretal
2655	Weibern
6094	Weibersbrunn
33673	Weichensdorf
36603	Weida
961	Weiden i.d.Opf
6599	Weidenbach b.Gerolstein
9826	Weidenbach Mittelfr.
9278	Weidenberg
6329	Weidenthal Pfalz
6784	Weierbach
9605	Weiherhammer
8708	Weihmichl-Unterneuhausen
7934	Weikersheim
7033	Weil Der Stadt
8195	Weil Kr.Landsberg
6471	Weilburg
8387	Weiler-Simmerberg
6374	Weilerbach
2254	Weilerswist
7023	Weilheim a.d.Teck
7755	Weilheim Kr.Waldshut
881	Weilheim Oberbay.
6472	Weilmuenster
6475	Weilmuenster-Wolfenhausen
6083	Weilrod
3643	Weimar
35243	Weinboehla
7244	Weingarten Baden
6201	Weinheim Bergstr
7134	Weinsberg
37436	Weischlitz
6876	Weiskirchen Saar
9575	Weismain
7646	Weisweil Breisgau
35876	Weissenberg
36072	Weissenborn-Luederode
9141	Weissenburg i.Bay.
9149	Weissenburg-Suffersheim
3443	Weissenfels
7309	Weissenhorn
8389	Weissensberg
36374	Weissensee
9253	Weissenstadt
2637	Weissenthurm
3576	Weisswasser
6150	Weiterstadt
8375	Weitnau
8293	Welden b.Augsburg
4188	Welle Nordheide
6584	Wellen Mosel
8427	Wellheim
6506	Welschbillig
2764	Welschen Ennest
2608	Welschneudorf
39296	Welsleben
2384	Welver
7182	Welzheim
35751	Welzow
9092	Wemding
5303	Wendeburg
9129	Wendelstein
2762	Wenden Biggetal
33679	Wendisch Rietz
7024	Wendlingen a.Neckar
5103	Wennigsen Deister
4559	Wensin
9407	Wenzenbach
9348	Werbach-Gamburg
9349	Werbach-Wenkheim
39393	Werben
33746	Werbig
3761	Werdau (Sachs.)
3327	Werder (Havel)
2392	Werdohl
2922	Werl
5951	Werlte
2196	Wermelskirchen
34364	Wermsdorf
9604	Wernberg-Koeblitz
2389	Werne
9722	Werneck
33398	Werneuchen
3943	Wernigerode
36848	Wernshausen
8365	Wertach
9342	Wertheim
9397	Wertheim-Dertingen
5203	Werther Westf.
8272	Wertingen
281	Wesel
2859	Wesel-Bislich
2803	Wesel-Buederich
39832	Wesenberg
5376	Wesendorf
33831	Weseram
4833	Wesselburen
2236	Wesseling Rheinl.
8809	Wessobrunn
8344	Westendorf b.Kaufbeuren
4305	Westensee
4539	Westerau
2663	Westerburg Westerw.
4975	Westerholt Ostfriesl
4127	Westerhorn
5404	Westerkappeln
5456	Westerkappeln-Velpe
4651	Westerland
4488	Westerstede
4409	Westerstede-Ocholt
4372	Westfehmarn
6244	Westhofen Rheinhess.
4955	Westoverledingen
8153	Wessling
6423	Wetter Hess.
2335	Wetter Ruhr
34607	Wettin
2557	Wettringen Kr.Steinfurt
9869	Wettringen Mittelfr.
5909	Wettrup
6441	Wetzlar
4829	Wewelsfleth
8020	Weyarn
2686	Weyerbusch
4203	Weyhe b.Bremen
2377	Wickede Ruhr
5586	Wieda
5726	Wiedensahl
4458	Wiefelstede-Spohle
2262	Wiehl
5149	Wienhausen
5825	Wieren
9634	Wiesau
611	Wiesbaden
6096	Wiesen Unterfr.
33849	Wiesenburg (Mark)
9966	Wiesenfelden
7335	Wiesensteig
9383	Wiesentheid
9196	Wiesenttal
6222	Wiesloch
4944	Wiesmoor
4948	Wiesmoor-Marcardsmoor
5925	Wietmarschen
5908	Wietmarschen-Lohne
5146	Wietze
5022	Wietzen
5196	Wietzendorf
8370	Wiggensbach
9853	Wilburgstetten
7081	Wildbad i.Schwarzw.
33928	Wildberg
39604	Wildberg
7054	Wildberg Wuertt.
2297	Wildbergerhuette
6678	Wildeck-Hoenebach
6626	Wildeck-Obersuhl
37603	Wildenfels
4431	Wildeshausen
9745	Wildflecken
8304	Wildpoldsried
7503	Wilhelmsdorf Wuertt.
6220	Wilhelmsfeld
4421	Wilhelmshaven
9260	Wilhelmsthal Oberfr.
9102	Wilhermsdorf
5646	Willebadessen
5644	Willebadessen-Peckelsheim
2154	Willich
2156	Willich-Anrath
5632	Willingen Upland
6697	Willingshausen
7852	Willstaett
2739	Wilnsdorf
35204	Wilsdruff
4823	Wilster
5945	Wilsum
4859	Windbergen
2292	Windeck Sieg
6707	Windesheim
9681	Windischeschenbach
8546	Windorf-Otterskirchen
9871	Windsbach
4778	Wingst
9676	Winklarn
7195	Winnenden
2606	Winningen
34745	Winningen
6302	Winnweiler
5143	Winsen Aller
4171	Winsen Luhe
5056	Winsen-Meissendorf
4179	Winsen-Toennhausen
6756	Winterbach, Soonwald
2981	Winterberg Westf.
2985	Winterberg-Niedersfeld
2983	Winterberg-Siedlinghausen
7434	Winterlingen
2267	Wipperfuerth
34775	Wippra, Kurort
4920	Wirdum
4770	Wischhafen
3841	Wismar
2742	Wissen
9854	Wittelshofen
2302	Witten
3491	Wittenberg Lutherstadt
3877	Wittenberge
38852	Wittenburg
37200	Wittgensdorf
8574	Wittibreut
35725	Wittichenau
9347	Wittighausen
5831	Wittingen
5834	Wittingen-Knesebeck
5839	Wittingen-Ohrdorf
5836	Wittingen-Radenbeck
9076	Wittislingen
6571	Wittlich
35476	Wittmannsdorf
4462	Wittmund
4466	Wittmund-Ardorf
4973	Wittmund-Burhafe
4464	Wittmund-Carolinensiel
4467	Wittmund-Funnix
4133	Wittorf Kr.Lueneburg
3394	Wittstock (Dosse)
5542	Witzenhausen
38481	Witzin
38753	Woebbelin
4839	Woehrden Dithm.
39825	Wokuhl
3963	Woldegk
7834	Wolfach
7527	Wolfegg
3494	Wolfen
5331	Wolfenbuettel
6036	Woelfersheim
5692	Wolfhagen
9875	Wolframs-Eschenbach
8171	Wolfratshausen
5361	Wolfsburg
5362	Wolfsburg-Fallersleben
5365	Wolfsburg-Neindorf
5363	Wolfsburg-Vorsfelde
38789	Wolfshagen
6304	Wolfstein Pfalz
3836	Wolgast
37609	Wolkenburg
37369	Wolkenstein
36334	Wolkramshausen
33833	Wollin
6034	Woellstadt
6703	Woellstein Rheinhess.
39201	Wolmirstedt
8442	Wolnzach
7502	Wolpertswende
6568	Wolsfeld
33454	Woelsickendorf
7705	Wolterdingen Schwarzw.
36074	Worbis
34905	Woerlitz
6241	Worms
6247	Worms-Pfeddersheim
36464	Wormstedt
4792	Worpswede
4794	Worpswede-Ostersode
6732	Woerrstadt
9482	Woerth a.d.Donau
8702	Woerth a.d.Isar
7271	Woerth a.Rhein
7277	Woerth-Buechelberg
6340	Woerth-Schaidt
39925	Wredenhagen
4705	Wremen
5802	Wrestedt
5829	Wriedel
33456	Wriezen
4802	Wrohm
34979	Wulfen
33963	Wulfersdorf
9728	Wuelfershausen Unterfr.
2058	Wuelfrath
4173	Wulfsen
2953	Wuennenberg
2957	Wuennenberg-Haaren
33702	Wuensdorf
9232	Wunsiedel
5031	Wunstorf
5033	Wunstorf-Grossenheidorn
202	Wuppertal
8725	Wurmannsquick
2405	Wuerselen
36652	Wurzbach
931	Wuerzburg
3425	Wurzen
7945	Wuestenrot
33979	Wusterhausen
38354	Wusterhusen
33234	Wustermark
33839	Wusterwitz
36087	Wuestheuterode
33925	Wustrau
39828	Wustrow
5843	Wustrow
38220	Wustrow, Ostseebad
7709	Wutach
36921	Wutha
33976	Wutike
7746	Wutoeschingen
4681	Wyk Auf Foehr
4903	Wymeer
2801	Xanten
2804	Xanten-Marienbaum
7046	Zaberfeld
38859	Zachun
34924	Zahna
9547	Zapfendorf
38851	Zarrentin (Meckl.)
33473	Zechin
33921	Zechlinerhuette
3307	Zehdenick
33053	Zehlendorf
38458	Zehna
35247	Zehren
9524	Zeil a.Main
9746	Zeitlofs
9744	Zeitlofs-Detter
3441	Zeitz
7835	Zell a.Harmersbach
7625	Zell i.Wiesental
9257	Zell Oberfr.
9468	Zell Oberpf.
3682	Zella-Mehlis
9364	Zellingen
6532	Zeltingen-Rachtig
6580	Zemmer
9907	Zenting
3923	Zerbst
6587	Zerf
5863	Zernien
33973	Zernitz
33395	Zerpenschleuse
39743	Zerrenthin
4453	Zetel
4452	Zetel-Neuenburg
36628	Zeulenroda
33762	Zeuthen
4281	Zeven
39085	Zichtau
38721	Ziegendorf
35246	Ziegenhain
36483	Ziegenrueck
8284	Ziemetshausen
5606	Zierenberg
38752	Zierzow
33830	Ziesar
33653	Ziltendorf
38232	Zingst a.Darss
35439	Zinnitz
38377	Zinnowitz
38376	Zirchow
3583	Zittau
37363	Zoeblitz
35820	Zodel
33870	Zollchow
8167	Zolling
34956	Zoerbig
34638	Zoeschen
3377	Zossen
3725	Zschopau
39295	Zuchau
2252	Zuelpich
39747	Zuesedom
8291	Zusmarshausen
38355	Zuessow
6332	Zweibruecken
34203	Zwenkau
5626	Zwesten
375	Zwickau
39600	Zwiedorf
7373	Zwiefalten
9922	Zwiesel
34207	Zwochau
37754	Zwoenitz
